UF|MUNICIPIO|ARMARIO|TIPO_REDE|TRONCO|IDENTIFICADOR_UNICO_CABO_CONECTADO|SP_PADRAO|CONTAGEM_OK|QTDE_OK|CONTAGEM_NOK|QTDE_NOK
PI|TERESINA|PITSA_G1I03|BARRAMENTO|TR 1|CBL0000000121386321|OK|SP1-SP7;SP30-SP44;SP55-SP78;SP96-SP101;SP128-SP144|69||0
PI|TERESINA|PITSA_G1I03|BARRAMENTO|TR 1|CBL0000000121386326|OK|SP73-SP78;SP96-SP101;SP128-SP140|25||0
PI|TERESINA|PITSA_G1I03|BARRAMENTO|TR 1|CBL0000000121386346|OK|SP1-SP7;SP30-SP44;SP55-SP72|40||0
PI|TERESINA|PITSA_G1I03|BARRAMENTO|TR 1|CBL0000000121389253|OK|SP1-SP7|7||0
PI|TERESINA|PITSA_G1I03|BARRAMENTO|TR 1|CBL0000000121389713|OK|SP73-SP78;SP96-SP101;SP128-SP134|19||0
PI|TERESINA|PITSA_G1I03|BARRAMENTO|TR 1|CBL0000000121390424|OK|SP37-SP44;SP55-SP59|13||0
PI|TERESINA|PITSA_G1I03|BARRAMENTO|TR 1|CBL0000000121393201|OK|SP73-SP78;SP96-SP101|12||0
PI|TERESINA|PITSA_G1I03|BARRAMENTO|TR 1|CBL0000000121393583|OK|SP37-SP44|8||0
PI|TERESINA|PITSA_G1I03|BARRAMENTO|TR 1|CBL0000000121398596|OK|SP73-SP78|6||0
PI|TERESINA|PITSA_G1I03|BARRAMENTO|TR 1|CBL0000000121406197|OK|SP1-SP7;SP30-SP36|14||0
PI|TERESINA|PITSA_G1I03|BARRAMENTO|TR 1|CBL0000000121407931|OK|SP37-SP44;SP55-SP64|18||0
PI|TERESINA|PITSA_G1I04|BARRAMENTO|TR 1|CBL0000000091300036|OK|SP58|1||0
PI|TERESINA|PITSA_G1I04|BARRAMENTO|TR 1|CBL0000000121386587|OK|SP1-SP5|5||0
PI|TERESINA|PITSA_G1I04|BARRAMENTO|TR 1|CBL0000000121389871|OK|SP1-SP5;SP27-SP36;SP58-SP144|102||0
PI|TERESINA|PITSA_G1I04|BARRAMENTO|TR 1|CBL0000000121391703|OK|SP1-SP5;SP27-SP36;SP58-SP141|99||0
PI|TERESINA|PITSA_G1I04|BARRAMENTO|TR 1|CBL0000000121393058|OK|SP1-SP5;SP27-SP36|15||0
PI|TERESINA|PITSA_G1I04|BARRAMENTO|TR 1|CBL0000000121395177|OK|SP1-SP5;SP27-SP36;SP58-SP136|94||0
PI|TERESINA|PITSA_G1I04|BARRAMENTO|TR 1|CBL0000000121398277|OK|SP1-SP5;SP27-SP30|9||0
PI|TERESINA|PITSA_G1I04|BARRAMENTO|TR 1|CBL0000000121398543|OK|SP73-SP136|64||0
PI|TERESINA|PITSA_G1I04|BARRAMENTO|TR 1|CBL0000000121398659|OK|SP1-SP5;SP27-SP36;SP58-SP72|30||0
PI|TERESINA|PITSA_G1I04|BARRAMENTO|TR 1|CBL0000000121403007|OK|SP73-SP76|4||0
PI|TERESINA|PITSA_G1I04|BARRAMENTO|TR 1|CBL0000000121406977|OK|SP73-SP76;SP104-SP108|9||0
PI|TERESINA|PITSA_G1I04|BARRAMENTO|TR 1|CBL0000000121407007|OK|SP109-SP133|25||0
PI|TERESINA|PITSA_G1I04|BARRAMENTO|TR 1|CBL0000000121409594|OK|SP58;SP65-SP68|5||0
PI|TERESINA|PITSA_G1I04|BARRAMENTO|TR 1|CBL0000000121409689|OK|SP1-SP5;SP27-SP36;SP59-SP64|21||0
PI|TERESINA|PITSA_G1I04|BARRAMENTO|TR 1|CBL0000000121411117|OK|SP77-SP103|27||0
PI|TERESINA|PITSA_G1I04|BARRAMENTO|TR 1|CBL0000000121411122|OK|SP77-SP103;SP115-SP133|46||0
PI|TERESINA|PITSA_G1I04|BARRAMENTO|TR 1|CBL0000000121411127|OK|SP77-SP103;SP115-SP129|42||0
PI|TERESINA|PITSA_G1I04|BARRAMENTO|TR 1|CBL0000000121411132|OK|SP77-SP103;SP115-SP120|33||0
PI|TERESINA|PITSA_G1I04|BARRAMENTO|TR 1|CBL0000000121411137|OK|SP77-SP103;SP115-SP118|31||0
PI|TERESINA|PITSA_G1I04|BARRAMENTO|TR 1|CBL0000000121411142|OK|SP77-SP103|27||0
PI|TERESINA|PITSA_G1I04|BARRAMENTO|TR 1|CBL0000000121411147|OK|SP77-SP94|18||0
PI|TERESINA|PITSA_G1I04|BARRAMENTO|TR 1|CBL0000000121411152|OK|SP77-SP90|14||0
PI|TERESINA|PITSA_G1I04|BARRAMENTO|TR 1|CBL0000000121411157|OK|SP77-SP87|11||0
PI|TERESINA|PITSA_G1I04|BARRAMENTO|TR 1|CBL0000000121411162|OK|SP77-SP84|8||0
PI|TERESINA|PITSA_G1I04|BARRAMENTO|TR 1|CBL0000000121411167|OK|SP78-SP79|2||0
PI|TERESINA|PITSA_G1I04|BARRAMENTO|TR 1|CBL0000000121411172|OK|SP78|1||0
PI|TERESINA|PITSA_G1I04|BARRAMENTO|TR 1|CBL0000000121411237|OK|SP77|1||0
PI|TERESINA|PITSA_G1I04|BARRAMENTO|TR 1|CBL0000000121412721|OK|SP85-SP86|2||0
PI|TERESINA|PITSA_G1I04|BARRAMENTO|TR 1|CBL0000000121414306|OK|SP95-SP100|6||0
PI|TERESINA|PITSA_G1I04|BARRAMENTO|TR 1|CBL0000000121414311|OK|SP95-SP98|4||0
PI|TERESINA|PITSA_G1I04|BARRAMENTO|TR 1|CBL0000000121416235|OK|SP121-SP125|5||0
PI|TERESINA|PITSA_G1I04|BARRAMENTO|TR 2|CBL0000000121412097|OK|SP163-SP175|13||0
PI|TERESINA|PITSA_G1I04|BARRAMENTO|TR 2|CBL0000000121412102|OK|SP167-SP171|5||0
PI|TERESINA|PITSA_G1I04|BARRAMENTO|TR 2|CBL0000000121413355|OK|SP145-SP212|68||0
PI|TERESINA|PITSA_G1I04|BARRAMENTO|TR 2|CBL0000000121413420|OK|SP145-SP212|68||0
PI|TERESINA|PITSA_G1I04|BARRAMENTO|TR 2|CBL0000000121414746|OK|SP145-SP209|65||0
PI|TERESINA|PITSA_G1I04|BARRAMENTO|TR 2|CBL0000000121414756|OK|SP145-SP204|60||0
PI|TERESINA|PITSA_G1I04|BARRAMENTO|TR 2|CBL0000000121414940|OK|SP191-SP200|10||0
PI|TERESINA|PITSA_G1I04|BARRAMENTO|TR 2|CBL0000000121414945|OK|SP191-SP196|6||0
PI|TERESINA|PITSA_G1I04|BARRAMENTO|TR 2|CBL0000000121414954|OK|SP191-SP193|3||0
PI|TERESINA|PITSA_G1I04|BARRAMENTO|TR 2|CBL0000000121422362|OK|SP145-SP190|46||0
PI|TERESINA|PITSA_G1I04|BARRAMENTO|TR 2|CBL0000000121424012|OK|SP145-SP184|40||0
PI|TERESINA|PITSA_G1I04|BARRAMENTO|TR 2|CBL0000000121424542|OK|SP163-SP166|4||0
PI|TERESINA|PITSA_G1I04|BARRAMENTO|TR 2|CBL0000000121425617|OK|SP145-SP177|33||0
PI|TERESINA|PITSA_G1I04|BARRAMENTO|TR 2|CBL0000000121426762|OK|SP176|1||0
PI|TERESINA|PITSA_G1I04|BARRAMENTO|TR 2|CBL0000000121426792|OK|SP145-SP162|18||0
PI|TERESINA|PITSA_G1I04|BARRAMENTO|TR 2|CBL0000000121426842|OK|SP145-SP161|17||0
PI|TERESINA|PITSA_G1I04|BARRAMENTO|TR 2|CBL0000000121426877|OK|SP145-SP158|14||0
PI|TERESINA|PITSA_G1I04|BARRAMENTO|TR 2|CBL0000000121426887|OK|SP145-SP151|7||0
PI|TERESINA|PITSA_G1I04|BARRAMENTO|TR 2|CBL0000000121426892|OK|SP145-SP150|6||0
PI|TERESINA|PITSA_G1I04|BARRAMENTO|TR 2|CBL0000000121430067|OK|SP152-SP156|5||0
PI|TERESINA|PITSA_G1I05|BARRAMENTO|TR 1|CBL0000000121384007|OK|SP37-SP39|3||0
PI|TERESINA|PITSA_G1I05|BARRAMENTO|TR 1|CBL0000000121385090|OK|SP1-SP59;SP61-SP65|64||0
PI|TERESINA|PITSA_G1I05|BARRAMENTO|TR 1|CBL0000000121385959|OK|SP1-SP59;SP61-SP77;SP97-SP119;SP127-SP144|117||0
PI|TERESINA|PITSA_G1I05|BARRAMENTO|TR 1|CBL0000000121387622|OK|SP1-SP34|34||0
PI|TERESINA|PITSA_G1I05|BARRAMENTO|TR 1|CBL0000000121389301|OK|SP1-SP28|28||0
PI|TERESINA|PITSA_G1I05|BARRAMENTO|TR 1|CBL0000000121391545|OK|SP1-SP59;SP61-SP77;SP97-SP119;SP127-SP142|115||0
PI|TERESINA|PITSA_G1I05|BARRAMENTO|TR 1|CBL0000000121391565|OK|SP1-SP59;SP61-SP77;SP97-SP119;SP127-SP138|111||0
PI|TERESINA|PITSA_G1I05|BARRAMENTO|TR 1|CBL0000000121393196|OK|SP115-SP119;SP127-SP138|17||0
PI|TERESINA|PITSA_G1I05|BARRAMENTO|TR 1|CBL0000000121393206|OK|SP1-SP59;SP61-SP77;SP97-SP114|94||0
PI|TERESINA|PITSA_G1I05|BARRAMENTO|TR 1|CBL0000000121393249|OK|SP115-SP119;SP127-SP133|12||0
PI|TERESINA|PITSA_G1I05|BARRAMENTO|TR 1|CBL0000000121394928|OK|SP115-SP119|5||0
PI|TERESINA|PITSA_G1I05|BARRAMENTO|TR 1|CBL0000000121403705|OK|SP1-SP59;SP61-SP77;SP97-SP112|92||0
PI|TERESINA|PITSA_G1I05|BARRAMENTO|TR 1|CBL0000000121403830|OK|SP73-SP77;SP97-SP108|17||0
PI|TERESINA|PITSA_G1I05|BARRAMENTO|TR 1|CBL0000000121403856|OK|SP1-SP59;SP61-SP72|71||0
PI|TERESINA|PITSA_G1I05|BARRAMENTO|TR 1|CBL0000000121404566|OK|SP1-SP59;SP61-SP62|61||0
PI|TERESINA|PITSA_G1I05|BARRAMENTO|TR 1|CBL0000000121406992|OK|SP73-SP77;SP97-SP104|13||0
PI|TERESINA|PITSA_G1I05|BARRAMENTO|TR 1|CBL0000000121408769|OK|SP73-SP77|5||0
PI|TERESINA|PITSA_G1I05|BARRAMENTO|TR 1|CBL0000000121409639|OK|SP37-SP41|5||0
PI|TERESINA|PITSA_G1I05|BARRAMENTO|TR 1|CBL0000000121409669|OK|SP1-SP36|36||0
PI|TERESINA|PITSA_G1I05|BARRAMENTO|TR 1|CBL0000000121409936|OK|SP13-SP22|10||0
PI|TERESINA|PITSA_G1I05|BARRAMENTO|TR 1|CBL0000000121409966|OK|SP13-SP20|8||0
PI|TERESINA|PITSA_G1I05|BARRAMENTO|TR 1|CBL0000000121410146|OK|SP16-SP17|2||0
PI|TERESINA|PITSA_G1I05|BARRAMENTO|TR 1|CBL0000000121410176|OK|SP13-SP15|3||0
PI|TERESINA|PITSA_G1I05|BARRAMENTO|TR 1|CBL0000000121429972|OK|SP42-SP59|18||0
PI|TERESINA|PITSA_G1I05|BARRAMENTO|TR 1|CBL0000000121429977|OK|SP8-SP28;SP42-SP59|39||0
PI|TERESINA|PITSA_G1I05|BARRAMENTO|TR 1|CBL0000000121429982|OK|SP8-SP28;SP42-SP57|37||0
PI|TERESINA|PITSA_G1I05|BARRAMENTO|TR 1|CBL0000000121430122|OK|SP8-SP28;SP42-SP55|35||0
PI|TERESINA|PITSA_G1I05|BARRAMENTO|TR 1|CBL0000000121430302|OK|SP8-SP28;SP42-SP50|30||0
PI|TERESINA|PITSA_G1I05|BARRAMENTO|TR 1|CBL0000000121430307|OK|SP51-SP53|3||0
PI|TERESINA|PITSA_G1I05|BARRAMENTO|TR 1|CBL0000000121431692|OK|SP51|1||0
PI|TERESINA|PITSA_G1I05|BARRAMENTO|TR 1|CBL0000000121431897|OK|SP49-SP50|2||0
PI|TERESINA|PITSA_G1I05|BARRAMENTO|TR 1|CBL0000000121433297|OK|SP45-SP48|4||0
PI|TERESINA|PITSA_G1I05|BARRAMENTO|TR 1|CBL0000000121433382|OK|SP8-SP28|21||0
PI|TERESINA|PITSA_G1I05|BARRAMENTO|TR 1|CBL0000000121433397|OK|SP42-SP44|3||0
PI|TERESINA|PITSA_G1I05|BARRAMENTO|TR 1|CBL0000000121435107|OK|SP8-SP24|17||0
PI|TERESINA|PITSA_G1I05|BARRAMENTO|TR 1|CBL0000000121436852|OK|SP8-SP12|5||0
PI|TERESINA|PITSA_G1I05|BARRAMENTO|TR 1|CBL0000000121436952|OK|SP8-SP9|2||0
PI|TERESINA|PITSA_G1I05|BARRAMENTO|TR 1|CBL0000000121436962|OK|SP8|1||0
PI|TERESINA|PITSA_G1I05|BARRAMENTO|TR 2|CBL0000000121411547|OK|SP195-SP200|6||0
PI|TERESINA|PITSA_G1I05|BARRAMENTO|TR 2|CBL0000000121411552|OK|SP201-SP203|3||0
PI|TERESINA|PITSA_G1I05|BARRAMENTO|TR 2|CBL0000000121414716|OK|SP185|1||0
PI|TERESINA|PITSA_G1I05|BARRAMENTO|TR 2|CBL0000000121414721|OK|SP145-SP184|40||0
PI|TERESINA|PITSA_G1I05|BARRAMENTO|TR 2|CBL0000000121416746|OK|SP145-SP182|38||0
PI|TERESINA|PITSA_G1I05|BARRAMENTO|TR 2|CBL0000000121417024|OK|SP179-SP181|3||0
PI|TERESINA|PITSA_G1I05|BARRAMENTO|TR 2|CBL0000000121417029|OK|SP145-SP178|34||0
PI|TERESINA|PITSA_G1I05|BARRAMENTO|TR 2|CBL0000000121418639|OK|SP145-SP174|30||0
PI|TERESINA|PITSA_G1I05|BARRAMENTO|TR 2|CBL0000000121420587|OK|SP145-SP171|27||0
PI|TERESINA|PITSA_G1I05|BARRAMENTO|TR 2|CBL0000000121422061|OK|SP145-SP168|24||0
PI|TERESINA|PITSA_G1I05|BARRAMENTO|TR 2|CBL0000000121422236|OK|SP145-SP162|18||0
PI|TERESINA|PITSA_G1I05|BARRAMENTO|TR 2|CBL0000000121422241|OK|SP163-SP166|4||0
PI|TERESINA|PITSA_G1I05|BARRAMENTO|TR 2|CBL0000000121423667|OK|SP163|1||0
PI|TERESINA|PITSA_G1I05|BARRAMENTO|TR 2|CBL0000000121423762|OK|SP145-SP158|14||0
PI|TERESINA|PITSA_G1I05|BARRAMENTO|TR 2|CBL0000000121425362|OK|SP145-SP154|10||0
PI|TERESINA|PITSA_G1I05|BARRAMENTO|TR 2|CBL0000000121425622|OK|SP145-SP151|7||0
PI|TERESINA|PITSA_G1I05|BARRAMENTO|TR 2|CBL0000000121426897|OK|SP145-SP148|4||0
PI|TERESINA|PITSA_G1I05|BARRAMENTO|TR 2|CBL0000000121434952|OK|SP145-SP193;SP195-SP219|74||0
PI|TERESINA|PITSA_G1I05|BARRAMENTO|TR 2|CBL0000000121436242|OK|SP145-SP193;SP195-SP219|74||0
PI|TERESINA|PITSA_G1I05|BARRAMENTO|TR 2|CBL0000000121436247|OK|SP145-SP193;SP195-SP215|70||0
PI|TERESINA|PITSA_G1I05|BARRAMENTO|TR 2|CBL0000000121436252|OK|SP216-SP219|4||0
PI|TERESINA|PITSA_G1I05|BARRAMENTO|TR 2|CBL0000000121436297|OK|SP213-SP215|3||0
PI|TERESINA|PITSA_G1I05|BARRAMENTO|TR 2|CBL0000000121436302|OK|SP210-SP212|3||0
PI|TERESINA|PITSA_G1I05|BARRAMENTO|TR 2|CBL0000000121436587|OK|SP145-SP193;SP195-SP209|64||0
PI|TERESINA|PITSA_G1I05|BARRAMENTO|TR 2|CBL0000000121436592|OK|SP145-SP193;SP195-SP207|62||0
PI|TERESINA|PITSA_G1I05|BARRAMENTO|TR 2|CBL0000000121436632|OK|SP195-SP203|9||0
PI|TERESINA|PITSA_G1I05|BARRAMENTO|TR 2|CBL0000000121436637|OK|SP145-SP188|44||0
PI|TERESINA|PITSA_G1I05|BARRAMENTO|TR 2|CBL0000000121436642|OK|SP189-SP193|5||0
PI|TERESINA|PITSA_G1I10|BARRAMENTO|TR 1|CBL0000000091308028|OK|SP93|1||0
PI|TERESINA|PITSA_G1I10|BARRAMENTO|TR 1|CBL0000000091328708|OK|SP62|1||0
PI|TERESINA|PITSA_G1I10|BARRAMENTO|TR 1|CBL0000000095972223|OK|SP26|1||0
PI|TERESINA|PITSA_G1I10|BARRAMENTO|TR 1|CBL0000000095978531|OK|SP27|1||0
PI|TERESINA|PITSA_G1I10|BARRAMENTO|TR 1|CBL0000000098360351|OK|SP126|1||0
PI|TERESINA|PITSA_G1I10|BARRAMENTO|TR 1|CBL0000000121383896|OK|SP73-SP79;SP93;SP95-SP100|14||0
PI|TERESINA|PITSA_G1I10|BARRAMENTO|TR 1|CBL0000000121386012|OK|SP1-SP8;SP26-SP36;SP62-SP79;SP93-SP120;SP125-SP144|85||0
PI|TERESINA|PITSA_G1I10|BARRAMENTO|TR 1|CBL0000000121387808|OK|SP73-SP79|7||0
PI|TERESINA|PITSA_G1I10|BARRAMENTO|TR 1|CBL0000000121388354|OK|SP1-SP8;SP26-SP36|19||0
PI|TERESINA|PITSA_G1I10|BARRAMENTO|TR 1|CBL0000000121388781|OK|SP125|1||0
PI|TERESINA|PITSA_G1I10|BARRAMENTO|TR 1|CBL0000000121388796|OK|SP125|1||0
PI|TERESINA|PITSA_G1I10|BARRAMENTO|TR 1|CBL0000000121390037|OK|SP1-SP8;SP26-SP31|14||0
PI|TERESINA|PITSA_G1I10|BARRAMENTO|TR 1|CBL0000000121390341|OK|SP1-SP8;SP26|9||0
PI|TERESINA|PITSA_G1I10|BARRAMENTO|TR 1|CBL0000000121396224|OK|SP1-SP8;SP26-SP36;SP62-SP67|25||0
PI|TERESINA|PITSA_G1I10|BARRAMENTO|TR 1|CBL0000000121404441|OK|SP1-SP8;SP26-SP36;SP62-SP79;SP93-SP115|60||0
PI|TERESINA|PITSA_G1I10|BARRAMENTO|TR 1|CBL0000000121404531|OK|SP116-SP120;SP125-SP137|18||0
PI|TERESINA|PITSA_G1I10|BARRAMENTO|TR 1|CBL0000000121406192|OK|SP73-SP79;SP93-SP115|30||0
PI|TERESINA|PITSA_G1I10|BARRAMENTO|TR 1|CBL0000000121406202|OK|SP1-SP8;SP26-SP36;SP62-SP72|30||0
PI|TERESINA|PITSA_G1I10|BARRAMENTO|TR 1|CBL0000000121406277|OK|SP125|1||0
PI|TERESINA|PITSA_G1I10|BARRAMENTO|TR 1|CBL0000000121406292|OK|SP116-SP120;SP126-SP132|12||0
PI|TERESINA|PITSA_G1I10|BARRAMENTO|TR 1|CBL0000000121406327|OK|SP125|1||0
PI|TERESINA|PITSA_G1I10|BARRAMENTO|TR 1|CBL0000000121408062|OK|SP116-SP120|5||0
PI|TERESINA|PITSA_G1I10|BARRAMENTO|TR 1|CBL0000000121409799|OK|SP73-SP79;SP93;SP95-SP108|22||0
PI|TERESINA|PITSA_G1I10|BARRAMENTO|TR 1|CBL0000000160732302|OK|SP125|1||0
PI|TERESINA|PITSA_G1I10|BARRAMENTO|TR 2|CBL0000000098370627|OK|SP202|1||0
PI|TERESINA|PITSA_G1I10|BARRAMENTO|TR 2|CBL0000000098432121|OK|SP203|1||0
PI|TERESINA|PITSA_G1I10|BARRAMENTO|TR 2|CBL0000000098449506|OK|SP240|1||0
PI|TERESINA|PITSA_G1I10|BARRAMENTO|TR 2|CBL0000000098454978|OK|SP279|1||0
PI|TERESINA|PITSA_G1I10|BARRAMENTO|TR 2|CBL0000000121382898|OK|SP145-SP152|8||0
PI|TERESINA|PITSA_G1I10|BARRAMENTO|TR 2|CBL0000000121386017|OK|SP145-SP152;SP175-SP180;SP202-SP224;SP240-SP252;SP279-SP288|60||0
PI|TERESINA|PITSA_G1I10|BARRAMENTO|TR 2|CBL0000000121386095|OK|SP145-SP152;SP175-SP180;SP202-SP224;SP240-SP252;SP279|51||0
PI|TERESINA|PITSA_G1I10|BARRAMENTO|TR 2|CBL0000000121386195|OK|SP217-SP224;SP240-SP252|21||0
PI|TERESINA|PITSA_G1I10|BARRAMENTO|TR 2|CBL0000000121386203|OK|SP145-SP152;SP175-SP180;SP202-SP216|29||0
PI|TERESINA|PITSA_G1I10|BARRAMENTO|TR 2|CBL0000000121386253|OK|SP217-SP224;SP240-SP244|13||0
PI|TERESINA|PITSA_G1I10|BARRAMENTO|TR 2|CBL0000000121400328|OK|SP217-SP224;SP240|9||0
PI|TERESINA|PITSA_G1I10|BARRAMENTO|TR 2|CBL0000000121405242|OK|SP145-SP152;SP175-SP180;SP203-SP208|20||0
PI|TERESINA|PITSA_G1I10|BARRAMENTO|TR 2|CBL0000000121407157|OK|SP145-SP152;SP175-SP180|14||0
PI|TERESINA|PITSA_G1I11|BARRAMENTO|TR 1|CBL0000000099284507|OK|SP49|1||0
PI|TERESINA|PITSA_G1I11|BARRAMENTO|TR 1|CBL0000000099286135|OK|SP50|1||0
PI|TERESINA|PITSA_G1I11|BARRAMENTO|TR 1|CBL0000000099288632|OK|SP75|1||0
PI|TERESINA|PITSA_G1I11|BARRAMENTO|TR 1|CBL0000000099290121|OK|SP91|1||0
PI|TERESINA|PITSA_G1I11|BARRAMENTO|TR 1|CBL0000000099291945|OK|SP117|1||0
PI|TERESINA|PITSA_G1I11|BARRAMENTO|TR 1|CBL0000000121384173|OK|SP1-SP6;SP25-SP29|11||0
PI|TERESINA|PITSA_G1I11|BARRAMENTO|TR 1|CBL0000000121384316|OK|SP1-SP6|6||0
PI|TERESINA|PITSA_G1I11|BARRAMENTO|TR 1|CBL0000000121399717|OK|SP1-SP6;SP25-SP36;SP49-SP75;SP91-SP107;SP117-SP144|90||0
PI|TERESINA|PITSA_G1I11|BARRAMENTO|TR 1|CBL0000000121400001|OK|SP1-SP6;SP25-SP36;SP50-SP75;SP91-SP107;SP117-SP136|81||0
PI|TERESINA|PITSA_G1I11|BARRAMENTO|TR 1|CBL0000000121401619|OK|SP103-SP107;SP117-SP130|19||0
PI|TERESINA|PITSA_G1I11|BARRAMENTO|TR 1|CBL0000000121401657|OK|SP1-SP6;SP25-SP36;SP50-SP66|35||0
PI|TERESINA|PITSA_G1I11|BARRAMENTO|TR 1|CBL0000000121401667|OK|SP67-SP75;SP91-SP102|21||0
PI|TERESINA|PITSA_G1I11|BARRAMENTO|TR 1|CBL0000000121401672|OK|SP103-SP107;SP117-SP128|17||0
PI|TERESINA|PITSA_G1I11|BARRAMENTO|TR 1|CBL0000000121401770|OK|SP103-SP107;SP117-SP125|14||0
PI|TERESINA|PITSA_G1I11|BARRAMENTO|TR 1|CBL0000000121401825|OK|SP103-SP107;SP117-SP118|7||0
PI|TERESINA|PITSA_G1I11|BARRAMENTO|TR 1|CBL0000000121406572|OK|SP67-SP75;SP91-SP99|18||0
PI|TERESINA|PITSA_G1I11|BARRAMENTO|TR 1|CBL0000000121406622|OK|SP67-SP75;SP92-SP93|11||0
PI|TERESINA|PITSA_G1I11|BARRAMENTO|TR 1|CBL0000000121406722|OK|SP67-SP75|9||0
PI|TERESINA|PITSA_G1I11|BARRAMENTO|TR 1|CBL0000000121408369|OK|SP1-SP6;SP25-SP36;SP51-SP62|30||0
PI|TERESINA|PITSA_G1I11|BARRAMENTO|TR 1|CBL0000000121408374|OK|SP1-SP6;SP25-SP36;SP51-SP55|23||0
PI|TERESINA|PITSA_G1I11|BARRAMENTO|TR 1|CBL0000000121408599|OK|SP1-SP6;SP25-SP36|18||0
PI|TERESINA|PITSA_G1I11|BARRAMENTO|TR 2|CBL0000000098459985|OK|SP200|1||0
PI|TERESINA|PITSA_G1I11|BARRAMENTO|TR 2|CBL0000000121399722|OK|SP145-SP150;SP165-SP184;SP200-SP216|43||0
PI|TERESINA|PITSA_G1I11|BARRAMENTO|TR 2|CBL0000000121400049|OK|SP181-SP184;SP200-SP214|19||0
PI|TERESINA|PITSA_G1I11|BARRAMENTO|TR 2|CBL0000000121400057|OK|SP145-SP150;SP165-SP180|22||0
PI|TERESINA|PITSA_G1I11|BARRAMENTO|TR 2|CBL0000000121400107|OK|SP205-SP210|6||0
PI|TERESINA|PITSA_G1I11|BARRAMENTO|TR 2|CBL0000000121400160|OK|SP181-SP184;SP201-SP204|8||0
PI|TERESINA|PITSA_G1I11|BARRAMENTO|TR 2|CBL0000000121403162|OK|SP145-SP149;SP165-SP173|14||0
PI|TERESINA|PITSA_G1I11|BARRAMENTO|TR 2|CBL0000000121403257|OK|SP150;SP174-SP176|4||0
PI|TERESINA|PITSA_G1I11|BARRAMENTO|TR 2|CBL0000000121403307|OK|SP145-SP149;SP165-SP167|8||0
PI|TERESINA|PITSA_G1I11|BARRAMENTO|TR 2|CBL0000000121404861|OK|SP145-SP149|5||0
PI|TERESINA|PITSA_G1I11|BARRAMENTO|TR 2|CBL0000000121406512|OK|SP181-SP184|4||0
PI|TERESINA|PITSA_G1I14|BARRAMENTO|TR 1|CBL0000000099379964|OK|SP23|1||0
PI|TERESINA|PITSA_G1I14|BARRAMENTO|TR 1|CBL0000000099395026|OK|SP112|1||0
PI|TERESINA|PITSA_G1I14|BARRAMENTO|TR 1|CBL0000000121395355|OK|SP1-SP5;SP23-SP36;SP55-SP77;SP102-SP108;SP112-SP144|82||0
PI|TERESINA|PITSA_G1I14|BARRAMENTO|TR 1|CBL0000000121395634|OK|SP1-SP5;SP23-SP36;SP55-SP77;SP102-SP108;SP112-SP138|76||0
PI|TERESINA|PITSA_G1I14|BARRAMENTO|TR 1|CBL0000000121395649|OK|SP1-SP5;SP23-SP36;SP55-SP77;SP102-SP108;SP112-SP133|71||0
PI|TERESINA|PITSA_G1I14|BARRAMENTO|TR 1|CBL0000000121397028|OK|SP1-SP5;SP23-SP36;SP55-SP77;SP102-SP108;SP112-SP117|55||0
PI|TERESINA|PITSA_G1I14|BARRAMENTO|TR 1|CBL0000000121397033|OK|SP118-SP125|8||0
PI|TERESINA|PITSA_G1I14|BARRAMENTO|TR 1|CBL0000000121397390|OK|SP73-SP77;SP102-SP108|12||0
PI|TERESINA|PITSA_G1I14|BARRAMENTO|TR 1|CBL0000000121397395|OK|SP1-SP5;SP23-SP36;SP55-SP72|37||0
PI|TERESINA|PITSA_G1I14|BARRAMENTO|TR 1|CBL0000000121398935|OK|SP73-SP77|5||0
PI|TERESINA|PITSA_G1I14|BARRAMENTO|TR 1|CBL0000000121399101|OK|SP1-SP5;SP23-SP36;SP55-SP66|31||0
PI|TERESINA|PITSA_G1I14|BARRAMENTO|TR 1|CBL0000000121400981|OK|SP1-SP5;SP23-SP36;SP55-SP60|25||0
PI|TERESINA|PITSA_G1I14|BARRAMENTO|TR 1|CBL0000000121402594|OK|SP1-SP5;SP23-SP36|19||0
PI|TERESINA|PITSA_G1I14|BARRAMENTO|TR 1|CBL0000000121404041|OK|SP1-SP5;SP23-SP33|16||0
PI|TERESINA|PITSA_G1I14|BARRAMENTO|TR 1|CBL0000000121404141|OK|SP25-SP31|7||0
PI|TERESINA|PITSA_G1I14|BARRAMENTO|TR 1|CBL0000000121404146|OK|SP1-SP5|5||0
PI|TERESINA|PITSA_G1I16|BARRAMENTO|TR 1|CBL0000000121414075|OK|SP97-SP98|2||0
PI|TERESINA|PITSA_G1I16|BARRAMENTO|TR 1|CBL0000000121422567|OK|SP1-SP5|5||0
PI|TERESINA|PITSA_G1I16|BARRAMENTO|TR 1|CBL0000000121422572|OK|SP1-SP9;SP13-SP16|13||0
PI|TERESINA|PITSA_G1I16|BARRAMENTO|TR 1|CBL0000000121422582|OK|SP25-SP36|12||0
PI|TERESINA|PITSA_G1I16|BARRAMENTO|TR 1|CBL0000000121422597|OK|SP25-SP27|3||0
PI|TERESINA|PITSA_G1I16|BARRAMENTO|TR 1|CBL0000000121422627|OK|SP25-SP30|6||0
PI|TERESINA|PITSA_G1I16|BARRAMENTO|TR 1|CBL0000000121422632|OK|SP1-SP9;SP13-SP19|16||0
PI|TERESINA|PITSA_G1I16|BARRAMENTO|TR 1|CBL0000000121422637|OK|SP1-SP9|9||0
PI|TERESINA|PITSA_G1I16|BARRAMENTO|TR 1|CBL0000000121422697|OK|SP49-SP53|5||0
PI|TERESINA|PITSA_G1I16|BARRAMENTO|TR 1|CBL0000000121422702|OK|SP97-SP105;SP107-SP133;SP140-SP142|39||0
PI|TERESINA|PITSA_G1I16|BARRAMENTO|TR 1|CBL0000000121422707|OK|SP116-SP120|5||0
PI|TERESINA|PITSA_G1I16|BARRAMENTO|TR 1|CBL0000000121422712|OK|SP97-SP105;SP107-SP125|28||0
PI|TERESINA|PITSA_G1I16|BARRAMENTO|TR 1|CBL0000000121422722|OK|SP61-SP65;SP67-SP69;SP72-SP74|11||0
PI|TERESINA|PITSA_G1I16|BARRAMENTO|TR 1|CBL0000000121422727|OK|SP85-SP89|5||0
PI|TERESINA|PITSA_G1I16|BARRAMENTO|TR 1|CBL0000000121422732|OK|SP61-SP65;SP67-SP69;SP72-SP74;SP78-SP83;SP85-SP89;SP91-SP93;SP97-SP105;SP107-SP133;SP140-SP144|66||0
PI|TERESINA|PITSA_G1I16|BARRAMENTO|TR 1|CBL0000000121422737|OK|SP140-SP141|2||0
PI|TERESINA|PITSA_G1I16|BARRAMENTO|TR 1|CBL0000000121422742|OK|SP78-SP83|6||0
PI|TERESINA|PITSA_G1I16|BARRAMENTO|TR 1|CBL0000000121422747|OK|SP97-SP105;SP107-SP120|23||0
PI|TERESINA|PITSA_G1I16|BARRAMENTO|TR 1|CBL0000000121422752|OK|SP61-SP65;SP67-SP69|8||0
PI|TERESINA|PITSA_G1I16|BARRAMENTO|TR 1|CBL0000000121422762|OK|SP108-SP110|3||0
PI|TERESINA|PITSA_G1I16|BARRAMENTO|TR 1|CBL0000000121422767|OK|SP111|1||0
PI|TERESINA|PITSA_G1I16|BARRAMENTO|TR 1|CBL0000000121422772|OK|SP133|1||0
PI|TERESINA|PITSA_G1I16|BARRAMENTO|TR 1|CBL0000000121422782|OK|SP61-SP62|2||0
PI|TERESINA|PITSA_G1I16|BARRAMENTO|TR 1|CBL0000000121422802|OK|SP1-SP9;SP13-SP19;SP25-SP37;SP47;SP49-SP53|35||0
PI|TERESINA|PITSA_G1I16|BARRAMENTO|TR 1|CBL0000000121422807|OK|SP61-SP65;SP67-SP69;SP72-SP74;SP78-SP83|17||0
PI|TERESINA|PITSA_G1I16|BARRAMENTO|TR 1|CBL0000000121422842|OK|SP1-SP9;SP13-SP19;SP25-SP37|29||0
PI|TERESINA|PITSA_G1I16|BARRAMENTO|TR 1|CBL0000000121424032|OK|SP51|1||0
PI|TERESINA|PITSA_G1I16|BARRAMENTO|TR 1|CBL0000000121424037|OK|SP132|1||0
PI|TERESINA|PITSA_G1I16|BARRAMENTO|TR 1|CBL0000000121424042|OK|SP49-SP50|2||0
PI|TERESINA|PITSA_G1I16|BARRAMENTO|TR 1|CBL0000000121424052|OK|SP25-SP34|10||0
PI|TERESINA|PITSA_G1I16|BARRAMENTO|TR 1|CBL0000000121424122|OK|SP102-SP103|2||0
PI|TERESINA|PITSA_G1I16|BARRAMENTO|TR 1|CBL0000000121424127|OK|SP97-SP105;SP107-SP133|36||0
PI|TERESINA|PITSA_G1I16|BARRAMENTO|TR 1|CBL0000000121424132|OK|SP108-SP114|7||0
PI|TERESINA|PITSA_G1I16|BARRAMENTO|TR 1|CBL0000000121424137|OK|SP97-SP105;SP107|10||0
PI|TERESINA|PITSA_G1I16|BARRAMENTO|TR 1|CBL0000000121424142|OK|SP1-SP9;SP13-SP19;SP25-SP37;SP47;SP49-SP53;SP59-SP60|37||0
PI|TERESINA|PITSA_G1I16|BARRAMENTO|TR 1|CBL0000000121424147|OK|SP85-SP89;SP91-SP93|8||0
PI|TERESINA|PITSA_G1I16|BARRAMENTO|TR 1|CBL0000000121424152|OK|SP108|1||0
PI|TERESINA|PITSA_G1I16|BARRAMENTO|TR 1|CBL0000000121424167|OK|SP61-SP65;SP67-SP69;SP72-SP74;SP78-SP83;SP85-SP89;SP91-SP93|25||0
PI|TERESINA|PITSA_G1I16|BARRAMENTO|TR 1|CBL0000000121424172|OK|SP61-SP65|5||0
PI|TERESINA|PITSA_G1I16|BARRAMENTO|TR 1|CBL0000000121424207|OK|SP140-SP142|3||0
PI|TERESINA|PITSA_G1I16|BARRAMENTO|TR 1|CBL0000000121424212|OK|SP143-SP144|2||0
PI|TERESINA|PITSA_G1I16|BARRAMENTO|TR 1|CBL0000000121424217|OK|SP59-SP60|2||0
PI|TERESINA|PITSA_G1I16|BARRAMENTO|TR 1|CBL0000000121424227|OK|SP47|1||0
PI|TERESINA|PITSA_G1I16|BARRAMENTO|TR 1|CBL0000000121424232|OK|SP1-SP9;SP13-SP19;SP25-SP37;SP47|30||0
PI|TERESINA|PITSA_G1I16|BARRAMENTO|TR 1|CBL0000000121424237|OK|SP1-SP9;SP13-SP19;SP25-SP37;SP47;SP49-SP53;SP59-SP65;SP67-SP69;SP72-SP74;SP78-SP83;SP85-SP89;SP91-SP93;SP97-SP105;SP107-SP133;SP140-SP144|103||0
PI|TERESINA|PITSA_G1I16|BARRAMENTO|TR 1|CBL0000000121424247|OK|SP1-SP9;SP13-SP19;SP25-SP37;SP47;SP49-SP53;SP59-SP65;SP67-SP69;SP72-SP74;SP78-SP83;SP85-SP89;SP91-SP93;SP97-SP105;SP107-SP133;SP140-SP144|103||0
PI|TERESINA|PITSA_G1I16|BARRAMENTO|TR 1|CBL0000000121424257|OK|SP97-SP105|9||0
PI|TERESINA|PITSA_G1I16|BARRAMENTO|TR 1|CBL0000000121424262|OK|SP97-SP101|5||0
PI|TERESINA|PITSA_G1I16|BARRAMENTO|TR 1|CBL0000000121424272|OK|SP97-SP100|4||0
PI|TERESINA|PITSA_G1I16|BARRAMENTO|TR 1|CBL0000000121424282|OK|SP97-SP99|3||0
PI|TERESINA|PITSA_G1I16|BARRAMENTO|TR 1|CBL0000000121424287|OK|SP126-SP131|6||0
PI|TERESINA|PITSA_G1I16|BARRAMENTO|TR 1|CBL0000000121424292|OK|SP131|1||0
PI|TERESINA|PITSA_G1I16|BARRAMENTO|TR 1|CBL0000000121424297|OK|SP126-SP130|5||0
PI|TERESINA|PITSA_G1I16|BARRAMENTO|TR 1|CBL0000000121424302|OK|SP126-SP128|3||0
PI|TERESINA|PITSA_G1I16|BARRAMENTO|TR 1|CBL0000000121424312|OK|SP85-SP89;SP91-SP92|7||0
PI|TERESINA|PITSA_G1I16|BARRAMENTO|TR 1|CBL0000000121424317|OK|SP85-SP86|2||0
PI|TERESINA|PITSA_G1I16|BARRAMENTO|TR 1|CBL0000000121424322|OK|SP78-SP79|2||0
PI|TERESINA|PITSA_G1I16|BARRAMENTO|TR 1|CBL0000000121424327|OK|SP81-SP82|2||0
PI|TERESINA|PITSA_G1I16|BARRAMENTO|TR 1|CBL0000000121424342|OK|SP61-SP65;SP67-SP69;SP72-SP73|10||0
PI|TERESINA|PITSA_G1I16|BARRAMENTO|TR 1|CBL0000000121424362|OK|SP61-SP65;SP67-SP69;SP72|9||0
PI|TERESINA|PITSA_G1I16|BARRAMENTO|TR 1|CBL0000000121425662|OK|SP37|1||0
PI|TERESINA|PITSA_G1I16|BARRAMENTO|TR 1|CBL0000000121425667|OK|SP1-SP9;SP13-SP19|16||0
PI|TERESINA|PITSA_G1I16|BARRAMENTO|TR 1|CBL0000000121425672|OK|SP1-SP9;SP13-SP19|16||0
PI|TERESINA|PITSA_G1I16|BARRAMENTO|TR 2|CBL0000000121422562|OK|SP146-SP147|2||0
PI|TERESINA|PITSA_G1I16|BARRAMENTO|TR 2|CBL0000000121422577|OK|SP223-SP225|3||0
PI|TERESINA|PITSA_G1I16|BARRAMENTO|TR 2|CBL0000000121422587|OK|SP148-SP149|2||0
PI|TERESINA|PITSA_G1I16|BARRAMENTO|TR 2|CBL0000000121422592|OK|SP153-SP156|4||0
PI|TERESINA|PITSA_G1I16|BARRAMENTO|TR 2|CBL0000000121422602|OK|SP217-SP221|5||0
PI|TERESINA|PITSA_G1I16|BARRAMENTO|TR 2|CBL0000000121422607|OK|SP205-SP208;SP211-SP215;SP217-SP221;SP223-SP225|17||0
PI|TERESINA|PITSA_G1I16|BARRAMENTO|TR 2|CBL0000000121422617|OK|SP205-SP208;SP211-SP215|9||0
PI|TERESINA|PITSA_G1I16|BARRAMENTO|TR 2|CBL0000000121422622|OK|SP153-SP154|2||0
PI|TERESINA|PITSA_G1I16|BARRAMENTO|TR 2|CBL0000000121422642|OK|SP212|1||0
PI|TERESINA|PITSA_G1I16|BARRAMENTO|TR 2|CBL0000000121422647|OK|SP217-SP219|3||0
PI|TERESINA|PITSA_G1I16|BARRAMENTO|TR 2|CBL0000000121422652|OK|SP171|1||0
PI|TERESINA|PITSA_G1I16|BARRAMENTO|TR 2|CBL0000000121422657|OK|SP145|1||0
PI|TERESINA|PITSA_G1I16|BARRAMENTO|TR 2|CBL0000000121422662|OK|SP241-SP252|12||0
PI|TERESINA|PITSA_G1I16|BARRAMENTO|TR 2|CBL0000000121422667|OK|SP235|1||0
PI|TERESINA|PITSA_G1I16|BARRAMENTO|TR 2|CBL0000000121422672|OK|SP145-SP156;SP161-SP162|14||0
PI|TERESINA|PITSA_G1I16|BARRAMENTO|TR 2|CBL0000000121422677|OK|SP163;SP169|2||0
PI|TERESINA|PITSA_G1I16|BARRAMENTO|TR 2|CBL0000000121422682|OK|SP163-SP169|7||0
PI|TERESINA|PITSA_G1I16|BARRAMENTO|TR 2|CBL0000000121422687|OK|SP242-SP244|3||0
PI|TERESINA|PITSA_G1I16|BARRAMENTO|TR 2|CBL0000000121422692|OK|SP229-SP234|6||0
PI|TERESINA|PITSA_G1I16|BARRAMENTO|TR 2|CBL0000000121422717|OK|SP145-SP156;SP161-SP172;SP175;SP181-SP186;SP193-SP197;SP205-SP208;SP211-SP215;SP217-SP221;SP223-SP225;SP227-SP235;SP241-SP256;SP259-SP266|86||0
PI|TERESINA|PITSA_G1I16|BARRAMENTO|TR 2|CBL0000000121422777|OK|SP145-SP156;SP161-SP172;SP175;SP181-SP186;SP193-SP197;SP205-SP208;SP211-SP215;SP217-SP221;SP223-SP225;SP227-SP235;SP241-SP256;SP259-SP264|84||0
PI|TERESINA|PITSA_G1I16|BARRAMENTO|TR 2|CBL0000000121422787|OK|SP145-SP156;SP161-SP172;SP175;SP181-SP186|31||0
PI|TERESINA|PITSA_G1I16|BARRAMENTO|TR 2|CBL0000000121422792|OK|SP181-SP183|3||0
PI|TERESINA|PITSA_G1I16|BARRAMENTO|TR 2|CBL0000000121422797|OK|SP145-SP156;SP161-SP172;SP175;SP181-SP186;SP193-SP197|36||0
PI|TERESINA|PITSA_G1I16|BARRAMENTO|TR 2|CBL0000000121422812|OK|SP193|1||0
PI|TERESINA|PITSA_G1I16|BARRAMENTO|TR 2|CBL0000000121422822|OK|SP205-SP208|4||0
PI|TERESINA|PITSA_G1I16|BARRAMENTO|TR 2|CBL0000000121422827|OK|SP155|1||0
PI|TERESINA|PITSA_G1I16|BARRAMENTO|TR 2|CBL0000000121422832|OK|SP163-SP172|10||0
PI|TERESINA|PITSA_G1I16|BARRAMENTO|TR 2|CBL0000000121422837|OK|SP145-SP156|12||0
PI|TERESINA|PITSA_G1I16|BARRAMENTO|TR 2|CBL0000000121424047|OK|SP211-SP215|5||0
PI|TERESINA|PITSA_G1I16|BARRAMENTO|TR 2|CBL0000000121424057|OK|SP205-SP207|3||0
PI|TERESINA|PITSA_G1I16|BARRAMENTO|TR 2|CBL0000000121424062|OK|SP211|1||0
PI|TERESINA|PITSA_G1I16|BARRAMENTO|TR 2|CBL0000000121424067|OK|SP145-SP150|6||0
PI|TERESINA|PITSA_G1I16|BARRAMENTO|TR 2|CBL0000000121424072|OK|SP145-SP156;SP161-SP172;SP175|25||0
PI|TERESINA|PITSA_G1I16|BARRAMENTO|TR 2|CBL0000000121424077|OK|SP242-SP247|6||0
PI|TERESINA|PITSA_G1I16|BARRAMENTO|TR 2|CBL0000000121424082|OK|SP248-SP251|4||0
PI|TERESINA|PITSA_G1I16|BARRAMENTO|TR 2|CBL0000000121424087|OK|SP205-SP208;SP211-SP215;SP217-SP221;SP223-SP225;SP227-SP235|26||0
PI|TERESINA|PITSA_G1I16|BARRAMENTO|TR 2|CBL0000000121424092|OK|SP163-SP168|6||0
PI|TERESINA|PITSA_G1I16|BARRAMENTO|TR 2|CBL0000000121424097|OK|SP241-SP256|16||0
PI|TERESINA|PITSA_G1I16|BARRAMENTO|TR 2|CBL0000000121424102|OK|SP145-SP152|8||0
PI|TERESINA|PITSA_G1I16|BARRAMENTO|TR 2|CBL0000000121424107|OK|SP229-SP230|2||0
PI|TERESINA|PITSA_G1I16|BARRAMENTO|TR 2|CBL0000000121424112|OK|SP163-SP170|8||0
PI|TERESINA|PITSA_G1I16|BARRAMENTO|TR 2|CBL0000000121424117|OK|SP205-SP208;SP211-SP215;SP217-SP221;SP223-SP225;SP227-SP228|19||0
PI|TERESINA|PITSA_G1I16|BARRAMENTO|TR 2|CBL0000000121424157|OK|SP181-SP186|6||0
PI|TERESINA|PITSA_G1I16|BARRAMENTO|TR 2|CBL0000000121424162|OK|SP241-SP256;SP259-SP262|20||0
PI|TERESINA|PITSA_G1I16|BARRAMENTO|TR 2|CBL0000000121424177|OK|SP193-SP197|5||0
PI|TERESINA|PITSA_G1I16|BARRAMENTO|TR 2|CBL0000000121424182|OK|SP205-SP208;SP211-SP215;SP217-SP221;SP223-SP225;SP227-SP235;SP241-SP256;SP259-SP262|46||0
PI|TERESINA|PITSA_G1I16|BARRAMENTO|TR 2|CBL0000000121424187|OK|SP260-SP261|2||0
PI|TERESINA|PITSA_G1I16|BARRAMENTO|TR 2|CBL0000000121424192|OK|SP193-SP196|4||0
PI|TERESINA|PITSA_G1I16|BARRAMENTO|TR 2|CBL0000000121424197|OK|SP263-SP264|2||0
PI|TERESINA|PITSA_G1I16|BARRAMENTO|TR 2|CBL0000000121424202|OK|SP265-SP266|2||0
PI|TERESINA|PITSA_G1I16|BARRAMENTO|TR 2|CBL0000000121424222|OK|SP277-SP278|2||0
PI|TERESINA|PITSA_G1I16|BARRAMENTO|TR 2|CBL0000000121424242|OK|SP145-SP156;SP161-SP172;SP175;SP181-SP186;SP193-SP197;SP205-SP208;SP211-SP215;SP217-SP221;SP223-SP225;SP227-SP235;SP241-SP256;SP259-SP266;SP277-SP278|88||0
PI|TERESINA|PITSA_G1I16|BARRAMENTO|TR 2|CBL0000000121424252|OK|SP145-SP156;SP161-SP172;SP175;SP181-SP186;SP193-SP197;SP205-SP208;SP211-SP215;SP217-SP221;SP223-SP225;SP227-SP235;SP241-SP256;SP259-SP266;SP277-SP278|88||0
PI|TERESINA|PITSA_G1I16|BARRAMENTO|TR 2|CBL0000000121424267|OK|SP265|1||0
PI|TERESINA|PITSA_G1I16|BARRAMENTO|TR 2|CBL0000000121424277|OK|SP265|1||0
PI|TERESINA|PITSA_G1I16|BARRAMENTO|TR 2|CBL0000000121424307|OK|SP163-SP172;SP175|11||0
PI|TERESINA|PITSA_G1I16|BARRAMENTO|TR 2|CBL0000000121424332|OK|SP245-SP247|3||0
PI|TERESINA|PITSA_G1I16|BARRAMENTO|TR 2|CBL0000000121424337|OK|SP245-SP246|2||0
PI|TERESINA|PITSA_G1I16|BARRAMENTO|TR 2|CBL0000000121424347|OK|SP243|1||0
PI|TERESINA|PITSA_G1I16|BARRAMENTO|TR 2|CBL0000000121424352|OK|SP243-SP244|2||0
PI|TERESINA|PITSA_G1I16|BARRAMENTO|TR 2|CBL0000000121424357|OK|SP242|1||0
PI|TERESINA|PITSA_G1I16|BARRAMENTO|TR 2|CBL0000000121424367|OK|SP241|1||0
PI|TERESINA|PITSA_G1I16|BARRAMENTO|TR 2|CBL0000000121425642|OK|SP241|1||0
PI|TERESINA|PITSA_G1I16|BARRAMENTO|TR 2|CBL0000000121425647|OK|SP211-SP213|3||0
PI|TERESINA|PITSA_G1I16|BARRAMENTO|TR 2|CBL0000000121425652|OK|SP211-SP213|3||0
PI|TERESINA|PITSA_G1I16|BARRAMENTO|TR 2|CBL0000000121425657|OK|SP205-SP206|2||0
PI|TERESINA|PITSA_G1I16|BARRAMENTO|TR 2|CBL0000000220538033|OK|SP169|1||0
PI|TERESINA|PITSA_G1I16|BARRAMENTO|TR 2|CBL0000000220542329|OK|SP169|1||0
PI|TERESINA|PITSA_G1I17|BARRAMENTO|TR 1|CBL0000000121415879|OK|SP1-SP99;SP101-SP103;SP105-SP113|111||0
PI|TERESINA|PITSA_G1I17|BARRAMENTO|TR 1|CBL0000000121415889|OK|SP66-SP70|5||0
PI|TERESINA|PITSA_G1I17|BARRAMENTO|TR 1|CBL0000000121415894|OK|SP1-SP20|20||0
PI|TERESINA|PITSA_G1I17|BARRAMENTO|TR 1|CBL0000000121415914|OK|SP12|1||0
PI|TERESINA|PITSA_G1I17|BARRAMENTO|TR 1|CBL0000000121415919|OK|SP13-SP14|2||0
PI|TERESINA|PITSA_G1I17|BARRAMENTO|TR 1|CBL0000000121415929|OK|SP21-SP35|15||0
PI|TERESINA|PITSA_G1I17|BARRAMENTO|TR 1|CBL0000000121415934|OK|SP21-SP31|11||0
PI|TERESINA|PITSA_G1I17|BARRAMENTO|TR 1|CBL0000000121415939|OK|SP21-SP27|7||0
PI|TERESINA|PITSA_G1I17|BARRAMENTO|TR 1|CBL0000000121415985|OK|SP53-SP73|21||0
PI|TERESINA|PITSA_G1I17|BARRAMENTO|TR 1|CBL0000000121415990|OK|SP21-SP42|22||0
PI|TERESINA|PITSA_G1I17|BARRAMENTO|TR 1|CBL0000000121416045|OK|SP12-SP19|8||0
PI|TERESINA|PITSA_G1I17|BARRAMENTO|TR 1|CBL0000000121416050|OK|SP1-SP7|7||0
PI|TERESINA|PITSA_G1I17|BARRAMENTO|TR 1|CBL0000000121416055|OK|SP8-SP9|2||0
PI|TERESINA|PITSA_G1I17|BARRAMENTO|TR 1|CBL0000000121416060|OK|SP1-SP11|11||0
PI|TERESINA|PITSA_G1I17|BARRAMENTO|TR 1|CBL0000000121416065|OK|SP16-SP18|3||0
PI|TERESINA|PITSA_G1I17|BARRAMENTO|TR 1|CBL0000000121416080|OK|SP13-SP15|3||0
PI|TERESINA|PITSA_G1I17|BARRAMENTO|TR 1|CBL0000000121416085|OK|SP58-SP61|4||0
PI|TERESINA|PITSA_G1I17|BARRAMENTO|TR 1|CBL0000000121416090|OK|SP1-SP6|6||0
PI|TERESINA|PITSA_G1I17|BARRAMENTO|TR 1|CBL0000000121416095|OK|SP1-SP5|5||0
PI|TERESINA|PITSA_G1I17|BARRAMENTO|TR 1|CBL0000000121416100|OK|SP8-SP10|3||0
PI|TERESINA|PITSA_G1I17|BARRAMENTO|TR 1|CBL0000000121416105|OK|SP3|1||0
PI|TERESINA|PITSA_G1I17|BARRAMENTO|TR 1|CBL0000000121416110|OK|SP1|1||0
PI|TERESINA|PITSA_G1I17|BARRAMENTO|TR 1|CBL0000000121416115|OK|SP3-SP4|2||0
PI|TERESINA|PITSA_G1I17|BARRAMENTO|TR 1|CBL0000000121416120|OK|SP1-SP2|2||0
PI|TERESINA|PITSA_G1I17|BARRAMENTO|TR 1|CBL0000000121416125|OK|SP88-SP91|4||0
PI|TERESINA|PITSA_G1I17|BARRAMENTO|TR 1|CBL0000000121416130|OK|SP53-SP81|29||0
PI|TERESINA|PITSA_G1I17|BARRAMENTO|TR 1|CBL0000000121416135|OK|SP36-SP38|3||0
PI|TERESINA|PITSA_G1I17|BARRAMENTO|TR 1|CBL0000000121416140|OK|SP88-SP96|9||0
PI|TERESINA|PITSA_G1I17|BARRAMENTO|TR 1|CBL0000000121416145|OK|SP21-SP52|32||0
PI|TERESINA|PITSA_G1I17|BARRAMENTO|TR 1|CBL0000000121417604|OK|SP1-SP20|20||0
PI|TERESINA|PITSA_G1I17|BARRAMENTO|TR 1|CBL0000000121417609|OK|SP43-SP47|5||0
PI|TERESINA|PITSA_G1I17|BARRAMENTO|TR 1|CBL0000000121417614|OK|SP21-SP49|29||0
PI|TERESINA|PITSA_G1I17|BARRAMENTO|TR 1|CBL0000000121417619|OK|SP97|1||0
PI|TERESINA|PITSA_G1I17|BARRAMENTO|TR 1|CBL0000000121417634|OK|SP53-SP87|35||0
PI|TERESINA|PITSA_G1I17|BARRAMENTO|TR 1|CBL0000000121417654|OK|SP58-SP59|2||0
PI|TERESINA|PITSA_G1I17|BARRAMENTO|TR 1|CBL0000000121417659|OK|SP13|1||0
PI|TERESINA|PITSA_G1I17|BARRAMENTO|TR 1|CBL0000000121417664|OK|SP53-SP57|5||0
PI|TERESINA|PITSA_G1I17|BARRAMENTO|TR 1|CBL0000000121417669|OK|SP1-SP99;SP101-SP103;SP105-SP113|111||0
PI|TERESINA|PITSA_G1I17|BARRAMENTO|TR 1|CBL0000000121417689|OK|SP53-SP65|13||0
PI|TERESINA|PITSA_G1I17|BARRAMENTO|TR 1|CBL0000000121417694|OK|SP53-SP76|24||0
PI|TERESINA|PITSA_G1I17|BARRAMENTO|TR 1|CBL0000000121417704|OK|SP8|1||0
PI|TERESINA|PITSA_G1I17|BARRAMENTO|TR 1|CBL0000000153171753|OK|SP98-SP99|2||0
PI|TERESINA|PITSA_G1I17|BARRAMENTO|TR 1|CBL0000000153236747|OK|SP101-SP103;SP105-SP113|12||0
PI|TERESINA|PITSA_G1I17|BARRAMENTO|TR 1|CBL0000000153237277|OK|SP101-SP103;SP105-SP113|12||0
PI|TERESINA|PITSA_G1I17|BARRAMENTO|TR 1|CBL0000000153254801|OK|SP103;SP105-SP113|10||0
PI|TERESINA|PITSA_G1I17|BARRAMENTO|TR 1|CBL0000000153273700|OK|SP111-SP113|3||0
PI|TERESINA|PITSA_G1I17|BARRAMENTO|TR 1|CBL0000000153375570|OK|SP106-SP110|5||0
PI|TERESINA|PITSA_G1I17|BARRAMENTO|TR 1|CBL0000000153381083|OK|SP109-SP110|2||0
PI|TERESINA|PITSA_G1I17|BARRAMENTO|TR 1|CBL0000000153411461|OK|SP101-SP102|2||0
PI|TERESINA|PITSA_G1I17|BARRAMENTO|TR 2|CBL0000000121415884|OK|SP145-SP231|87||0
PI|TERESINA|PITSA_G1I17|BARRAMENTO|TR 2|CBL0000000121415899|OK|SP167-SP170|4||0
PI|TERESINA|PITSA_G1I17|BARRAMENTO|TR 2|CBL0000000121415904|OK|SP157-SP161|5||0
PI|TERESINA|PITSA_G1I17|BARRAMENTO|TR 2|CBL0000000121415909|OK|SP145-SP156|12||0
PI|TERESINA|PITSA_G1I17|BARRAMENTO|TR 2|CBL0000000121415945|OK|SP187-SP206|20||0
PI|TERESINA|PITSA_G1I17|BARRAMENTO|TR 2|CBL0000000121415950|OK|SP196|1||0
PI|TERESINA|PITSA_G1I17|BARRAMENTO|TR 2|CBL0000000121415955|OK|SP174-SP175|2||0
PI|TERESINA|PITSA_G1I17|BARRAMENTO|TR 2|CBL0000000121415960|OK|SP174|1||0
PI|TERESINA|PITSA_G1I17|BARRAMENTO|TR 2|CBL0000000121415965|OK|SP207-SP213|7||0
PI|TERESINA|PITSA_G1I17|BARRAMENTO|TR 2|CBL0000000121415970|OK|SP226-SP231|6||0
PI|TERESINA|PITSA_G1I17|BARRAMENTO|TR 2|CBL0000000121415975|OK|SP193|1||0
PI|TERESINA|PITSA_G1I17|BARRAMENTO|TR 2|CBL0000000121415980|OK|SP187-SP188|2||0
PI|TERESINA|PITSA_G1I17|BARRAMENTO|TR 2|CBL0000000121416010|OK|SP193-SP194|2||0
PI|TERESINA|PITSA_G1I17|BARRAMENTO|TR 2|CBL0000000121416015|OK|SP193-SP195|3||0
PI|TERESINA|PITSA_G1I17|BARRAMENTO|TR 2|CBL0000000121416020|OK|SP187-SP200|14||0
PI|TERESINA|PITSA_G1I17|BARRAMENTO|TR 2|CBL0000000121416025|OK|SP187-SP201|15||0
PI|TERESINA|PITSA_G1I17|BARRAMENTO|TR 2|CBL0000000121416030|OK|SP187-SP198|12||0
PI|TERESINA|PITSA_G1I17|BARRAMENTO|TR 2|CBL0000000121416035|OK|SP187-SP199|13||0
PI|TERESINA|PITSA_G1I17|BARRAMENTO|TR 2|CBL0000000121416040|OK|SP189-SP190|2||0
PI|TERESINA|PITSA_G1I17|BARRAMENTO|TR 2|CBL0000000121416150|OK|SP145-SP166|22||0
PI|TERESINA|PITSA_G1I17|BARRAMENTO|TR 2|CBL0000000121416155|OK|SP145-SP150|6||0
PI|TERESINA|PITSA_G1I17|BARRAMENTO|TR 2|CBL0000000121416160|OK|SP174-SP176|3||0
PI|TERESINA|PITSA_G1I17|BARRAMENTO|TR 2|CBL0000000121417624|OK|SP187-SP195|9||0
PI|TERESINA|PITSA_G1I17|BARRAMENTO|TR 2|CBL0000000121417629|OK|SP207-SP219|13||0
PI|TERESINA|PITSA_G1I17|BARRAMENTO|TR 2|CBL0000000121417639|OK|SP220-SP225|6||0
PI|TERESINA|PITSA_G1I17|BARRAMENTO|TR 2|CBL0000000121417644|OK|SP187-SP192|6||0
PI|TERESINA|PITSA_G1I17|BARRAMENTO|TR 2|CBL0000000121417649|OK|SP196-SP197|2||0
PI|TERESINA|PITSA_G1I17|BARRAMENTO|TR 2|CBL0000000121417674|OK|SP180-SP186|7||0
PI|TERESINA|PITSA_G1I17|BARRAMENTO|TR 2|CBL0000000121417679|OK|SP187-SP231|45||0
PI|TERESINA|PITSA_G1I17|BARRAMENTO|TR 2|CBL0000000121417684|OK|SP145-SP173|29||0
PI|TERESINA|PITSA_G1I17|BARRAMENTO|TR 2|CBL0000000121417699|OK|SP174-SP179|6||0
PI|TERESINA|PITSA_G1I18|BARRAMENTO|TR 1|CBL0000000121440392|OK|SP1-SP4;SP16-SP28;SP39-SP53;SP59-SP68;SP73-SP76;SP81-SP84;SP89-SP92;SP104-SP118;SP124-SP127;SP132-SP140|82||0
PI|TERESINA|PITSA_G1I18|BARRAMENTO|TR 1|CBL0000000121440447|OK|SP25-SP28|4||0
PI|TERESINA|PITSA_G1I18|BARRAMENTO|TR 1|CBL0000000121440452|OK|SP1-SP4;SP16-SP19|8||0
PI|TERESINA|PITSA_G1I18|BARRAMENTO|TR 1|CBL0000000121440457|OK|SP89-SP92;SP104-SP113|14||0
PI|TERESINA|PITSA_G1I18|BARRAMENTO|TR 1|CBL0000000121440472|OK|SP49-SP53;SP59-SP63|10||0
PI|TERESINA|PITSA_G1I18|BARRAMENTO|TR 1|CBL0000000121440477|OK|SP49-SP53|5||0
PI|TERESINA|PITSA_G1I18|BARRAMENTO|TR 1|CBL0000000121440482|OK|SP89-SP92;SP104-SP108|9||0
PI|TERESINA|PITSA_G1I18|BARRAMENTO|TR 1|CBL0000000121440492|OK|SP64-SP68|5||0
PI|TERESINA|PITSA_G1I18|BARRAMENTO|TR 1|CBL0000000121440497|OK|SP1-SP4;SP16-SP24|13||0
PI|TERESINA|PITSA_G1I18|BARRAMENTO|TR 1|CBL0000000121440502|OK|SP1-SP4|4||0
PI|TERESINA|PITSA_G1I18|BARRAMENTO|TR 1|CBL0000000121440507|OK|SP89-SP92|4||0
PI|TERESINA|PITSA_G1I18|BARRAMENTO|TR 1|CBL0000000121440517|OK|SP114-SP118;SP124-SP127;SP132-SP140|18||0
PI|TERESINA|PITSA_G1I18|BARRAMENTO|TR 1|CBL0000000121440557|OK|SP81-SP84|4||0
PI|TERESINA|PITSA_G1I18|BARRAMENTO|TR 1|CBL0000000121440562|OK|SP73-SP76|4||0
PI|TERESINA|PITSA_G1I18|BARRAMENTO|TR 1|CBL0000000121440567|OK|SP1-SP4;SP16-SP28;SP39-SP53;SP59-SP68|42||0
PI|TERESINA|PITSA_G1I18|BARRAMENTO|TR 1|CBL0000000121440572|OK|SP114-SP118|5||0
PI|TERESINA|PITSA_G1I18|BARRAMENTO|TR 1|CBL0000000121440577|OK|SP124-SP127|4||0
PI|TERESINA|PITSA_G1I18|BARRAMENTO|TR 1|CBL0000000121440622|OK|SP89-SP92;SP104-SP118;SP124-SP127;SP132-SP140|32||0
PI|TERESINA|PITSA_G1I18|BARRAMENTO|TR 1|CBL0000000121440627|OK|SP1-SP4;SP16-SP28;SP39-SP53;SP59-SP68;SP73-SP76;SP81-SP84|50||0
PI|TERESINA|PITSA_G1I18|BARRAMENTO|TR 1|CBL0000000121440632|OK|SP25-SP28;SP39-SP43|9||0
PI|TERESINA|PITSA_G1I18|BARRAMENTO|TR 1|CBL0000000121440637|OK|SP25-SP28;SP39-SP48|14||0
PI|TERESINA|PITSA_G1I18|BARRAMENTO|TR 2|CBL0000000121440387|OK|SP145-SP150;SP159-SP171;SP181-SP192;SP201-SP211;SP213-SP214;SP220-SP222;SP225-SP230;SP234-SP244|64||0
PI|TERESINA|PITSA_G1I18|BARRAMENTO|TR 2|CBL0000000121440442|OK|SP188-SP192;SP201-SP206|11||0
PI|TERESINA|PITSA_G1I18|BARRAMENTO|TR 2|CBL0000000121440462|OK|SP166-SP171|6||0
PI|TERESINA|PITSA_G1I18|BARRAMENTO|TR 2|CBL0000000121440467|OK|SP145-SP150;SP159-SP165|13||0
PI|TERESINA|PITSA_G1I18|BARRAMENTO|TR 2|CBL0000000121440487|OK|SP188-SP192;SP201-SP211|16||0
PI|TERESINA|PITSA_G1I18|BARRAMENTO|TR 2|CBL0000000121440512|OK|SP213-SP214|2||0
PI|TERESINA|PITSA_G1I18|BARRAMENTO|TR 2|CBL0000000121440522|OK|SP213-SP214;SP220-SP222;SP225|6||0
PI|TERESINA|PITSA_G1I18|BARRAMENTO|TR 2|CBL0000000121440527|OK|SP188-SP192|5||0
PI|TERESINA|PITSA_G1I18|BARRAMENTO|TR 2|CBL0000000121440532|OK|SP145-SP150|6||0
PI|TERESINA|PITSA_G1I18|BARRAMENTO|TR 2|CBL0000000121440537|OK|SP166-SP171;SP181-SP187|13||0
PI|TERESINA|PITSA_G1I18|BARRAMENTO|TR 2|CBL0000000121440552|OK|SP213-SP214;SP220-SP222;SP225-SP230;SP234-SP238|16||0
PI|TERESINA|PITSA_G1I18|BARRAMENTO|TR 2|CBL0000000121440582|OK|SP145-SP150;SP159-SP171;SP181-SP192;SP201-SP211|42||0
PI|TERESINA|PITSA_G1I18|BARRAMENTO|TR 2|CBL0000000121440587|OK|SP226-SP230|5||0
PI|TERESINA|PITSA_G1I18|BARRAMENTO|TR 2|CBL0000000121440592|OK|SP213-SP214;SP220-SP222;SP225-SP230;SP234-SP244|22||0
PI|TERESINA|PITSA_G1I18|BARRAMENTO|TR 2|CBL0000000121440607|OK|SP145-SP150;SP159-SP171;SP181-SP192;SP201-SP211;SP213-SP214;SP220-SP222;SP225-SP230;SP234-SP244|64||0
PI|TERESINA|PITSA_G1I19|BARRAMENTO|TR 1|CBL0000000121410286|OK|SP76-SP84|9||0
PI|TERESINA|PITSA_G1I19|BARRAMENTO|TR 1|CBL0000000121410316|OK|SP1-SP20;SP26-SP51|46||0
PI|TERESINA|PITSA_G1I19|BARRAMENTO|TR 1|CBL0000000121410321|OK|SP57-SP67;SP72-SP75|15||0
PI|TERESINA|PITSA_G1I19|BARRAMENTO|TR 1|CBL0000000121410326|OK|SP76-SP79|4||0
PI|TERESINA|PITSA_G1I19|BARRAMENTO|TR 1|CBL0000000121416631|OK|SP11-SP13|3||0
PI|TERESINA|PITSA_G1I19|BARRAMENTO|TR 1|CBL0000000121424672|OK|SP57-SP67|11||0
PI|TERESINA|PITSA_G1I19|BARRAMENTO|TR 1|CBL0000000121424772|OK|SP57-SP63|7||0
PI|TERESINA|PITSA_G1I19|BARRAMENTO|TR 1|CBL0000000121424777|OK|SP57-SP59|3||0
PI|TERESINA|PITSA_G1I19|BARRAMENTO|TR 1|CBL0000000121427657|OK|SP49-SP51|3||0
PI|TERESINA|PITSA_G1I19|BARRAMENTO|TR 1|CBL0000000121427662|OK|SP1-SP20|20||0
PI|TERESINA|PITSA_G1I19|BARRAMENTO|TR 1|CBL0000000121427667|OK|SP26-SP35|10||0
PI|TERESINA|PITSA_G1I19|BARRAMENTO|TR 1|CBL0000000121427672|OK|SP36-SP48|13||0
PI|TERESINA|PITSA_G1I19|BARRAMENTO|TR 1|CBL0000000121427842|OK|SP1-SP20|20||0
PI|TERESINA|PITSA_G1I19|BARRAMENTO|TR 1|CBL0000000121427877|OK|SP14-SP16|3||0
PI|TERESINA|PITSA_G1I19|BARRAMENTO|TR 1|CBL0000000121427917|OK|SP1-SP10|10||0
PI|TERESINA|PITSA_G1I19|BARRAMENTO|TR 1|CBL0000000121430367|OK|SP1-SP20;SP26-SP51;SP57-SP67;SP72-SP101;SP105-SP108;SP114-SP122|100||0
PI|TERESINA|PITSA_G1I19|BARRAMENTO|TR 1|CBL0000000121430757|OK|SP26-SP33|8||0
PI|TERESINA|PITSA_G1I19|BARRAMENTO|TR 1|CBL0000000121430792|OK|SP26-SP32|7||0
PI|TERESINA|PITSA_G1I19|BARRAMENTO|TR 1|CBL0000000121430817|OK|SP26-SP31|6||0
PI|TERESINA|PITSA_G1I19|BARRAMENTO|TR 1|CBL0000000121430852|OK|SP26-SP30|5||0
PI|TERESINA|PITSA_G1I19|BARRAMENTO|TR 1|CBL0000000121430887|OK|SP26-SP29|4||0
PI|TERESINA|PITSA_G1I19|BARRAMENTO|TR 1|CBL0000000121430962|OK|SP26-SP27|2||0
PI|TERESINA|PITSA_G1I19|BARRAMENTO|TR 1|CBL0000000121431027|OK|SP1-SP9|9||0
PI|TERESINA|PITSA_G1I19|BARRAMENTO|TR 1|CBL0000000121431072|OK|SP1-SP8|8||0
PI|TERESINA|PITSA_G1I19|BARRAMENTO|TR 1|CBL0000000121431107|OK|SP1-SP7|7||0
PI|TERESINA|PITSA_G1I19|BARRAMENTO|TR 1|CBL0000000121431112|OK|SP1-SP6|6||0
PI|TERESINA|PITSA_G1I19|BARRAMENTO|TR 1|CBL0000000121431147|OK|SP1-SP5|5||0
PI|TERESINA|PITSA_G1I19|BARRAMENTO|TR 1|CBL0000000121431617|OK|SP1-SP20;SP26-SP51;SP57-SP67;SP72-SP84|70||0
PI|TERESINA|PITSA_G1I19|BARRAMENTO|TR 1|CBL0000000121431647|OK|SP85-SP101;SP105-SP108;SP114-SP122|30||0
PI|TERESINA|PITSA_G1I19|BARRAMENTO|TR 1|CBL0000000121431652|OK|SP114-SP117|4||0
PI|TERESINA|PITSA_G1I19|BARRAMENTO|TR 1|CBL0000000121431657|OK|SP85-SP101;SP105-SP108|21||0
PI|TERESINA|PITSA_G1I19|BARRAMENTO|TR 1|CBL0000000121432442|OK|SP1-SP4|4||0
PI|TERESINA|PITSA_G1I19|BARRAMENTO|TR 1|CBL0000000121432527|OK|SP1-SP2|2||0
PI|TERESINA|PITSA_G1I19|BARRAMENTO|TR 1|CBL0000000121432622|OK|SP36-SP47|12||0
PI|TERESINA|PITSA_G1I19|BARRAMENTO|TR 1|CBL0000000121432657|OK|SP36-SP46|11||0
PI|TERESINA|PITSA_G1I19|BARRAMENTO|TR 1|CBL0000000121432692|OK|SP36-SP45|10||0
PI|TERESINA|PITSA_G1I19|BARRAMENTO|TR 1|CBL0000000121432727|OK|SP36-SP43|8||0
PI|TERESINA|PITSA_G1I19|BARRAMENTO|TR 1|CBL0000000121432817|OK|SP36-SP42|7||0
PI|TERESINA|PITSA_G1I19|BARRAMENTO|TR 1|CBL0000000121432852|OK|SP36-SP41|6||0
PI|TERESINA|PITSA_G1I19|BARRAMENTO|TR 1|CBL0000000121433497|OK|SP85-SP101|17||0
PI|TERESINA|PITSA_G1I19|BARRAMENTO|TR 1|CBL0000000121433652|OK|SP85-SP92|8||0
PI|TERESINA|PITSA_G1I19|BARRAMENTO|TR 1|CBL0000000121433657|OK|SP93-SP97|5||0
PI|TERESINA|PITSA_G1I19|BARRAMENTO|TR 1|CBL0000000121434122|OK|SP36-SP40|5||0
PI|TERESINA|PITSA_G1I19|BARRAMENTO|TR 1|CBL0000000121434187|OK|SP36-SP39|4||0
PI|TERESINA|PITSA_G1I19|BARRAMENTO|TR 1|CBL0000000121434222|OK|SP36-SP38|3||0
PI|TERESINA|PITSA_G1I19|BARRAMENTO|TR 1|CBL0000000121434227|OK|SP36-SP37|2||0
PI|TERESINA|PITSA_G1I19|BARRAMENTO|TR 1|CBL0000000121434262|OK|SP36|1||0
PI|TERESINA|PITSA_G1I19|BARRAMENTO|TR 1|CBL0000000121434962|OK|SP1-SP20;SP26-SP51;SP57-SP67;SP72-SP101;SP105-SP108;SP114-SP122|100||0
PI|TERESINA|PITSA_G1I19|BARRAMENTO|TR 1|CBL0000000121435012|OK|SP85-SP88|4||0
PI|TERESINA|PITSA_G1I19|BARRAMENTO|TR 2|CBL0000000121411317|OK|SP179-SP182|4||0
PI|TERESINA|PITSA_G1I19|BARRAMENTO|TR 2|CBL0000000121411517|OK|SP145-SP154;SP159-SP162|14||0
PI|TERESINA|PITSA_G1I19|BARRAMENTO|TR 2|CBL0000000121411542|OK|SP163-SP165;SP168-SP174|10||0
PI|TERESINA|PITSA_G1I19|BARRAMENTO|TR 2|CBL0000000121413205|OK|SP145-SP154|10||0
PI|TERESINA|PITSA_G1I19|BARRAMENTO|TR 2|CBL0000000121414761|OK|SP145-SP150|6||0
PI|TERESINA|PITSA_G1I19|BARRAMENTO|TR 2|CBL0000000121415021|OK|SP145-SP147|3||0
PI|TERESINA|PITSA_G1I19|BARRAMENTO|TR 2|CBL0000000121416974|OK|SP163-SP165|3||0
PI|TERESINA|PITSA_G1I19|BARRAMENTO|TR 2|CBL0000000121416979|OK|SP168-SP170|3||0
PI|TERESINA|PITSA_G1I19|BARRAMENTO|TR 2|CBL0000000121418784|OK|SP210-SP218;SP223-SP226;SP231-SP234;SP239-SP242|21||0
PI|TERESINA|PITSA_G1I19|BARRAMENTO|TR 2|CBL0000000121418809|OK|SP243-SP249;SP254-SP257|11||0
PI|TERESINA|PITSA_G1I19|BARRAMENTO|TR 2|CBL0000000121418824|OK|SP262-SP265|4||0
PI|TERESINA|PITSA_G1I19|BARRAMENTO|TR 2|CBL0000000121420639|OK|SP243-SP249|7||0
PI|TERESINA|PITSA_G1I19|BARRAMENTO|TR 2|CBL0000000121423662|OK|SP243-SP245|3||0
PI|TERESINA|PITSA_G1I19|BARRAMENTO|TR 2|CBL0000000121425237|OK|SP210-SP218;SP223-SP226;SP231-SP234|17||0
PI|TERESINA|PITSA_G1I19|BARRAMENTO|TR 2|CBL0000000121425542|OK|SP210-SP218;SP223-SP226|13||0
PI|TERESINA|PITSA_G1I19|BARRAMENTO|TR 2|CBL0000000121425547|OK|SP231|1||0
PI|TERESINA|PITSA_G1I19|BARRAMENTO|TR 2|CBL0000000121426757|OK|SP210-SP218|9||0
PI|TERESINA|PITSA_G1I19|BARRAMENTO|TR 2|CBL0000000121427062|OK|SP212-SP214|3||0
PI|TERESINA|PITSA_G1I19|BARRAMENTO|TR 2|CBL0000000121427067|OK|SP210-SP211|2||0
PI|TERESINA|PITSA_G1I19|BARRAMENTO|TR 2|CBL0000000121428692|OK|SP272-SP279|8||0
PI|TERESINA|PITSA_G1I19|BARRAMENTO|TR 2|CBL0000000121430062|OK|SP272-SP276|5||0
PI|TERESINA|PITSA_G1I19|BARRAMENTO|TR 2|CBL0000000121436237|OK|SP145-SP154;SP159-SP165;SP168-SP174;SP179-SP186;SP191-SP198;SP202-SP205;SP210-SP218;SP223-SP226;SP231-SP234;SP239-SP249;SP254-SP257;SP262-SP265;SP272-SP279;SP285-SP288|92||0
PI|TERESINA|PITSA_G1I19|BARRAMENTO|TR 2|CBL0000000121436257|OK|SP145-SP154;SP159-SP165;SP168-SP174;SP179-SP186;SP191-SP198;SP202-SP205|44||0
PI|TERESINA|PITSA_G1I19|BARRAMENTO|TR 2|CBL0000000121436262|OK|SP210-SP218;SP223-SP226;SP231-SP234;SP239-SP249;SP254-SP257;SP262-SP265|36||0
PI|TERESINA|PITSA_G1I19|BARRAMENTO|TR 2|CBL0000000121436267|OK|SP272-SP279;SP285-SP288|12||0
PI|TERESINA|PITSA_G1I19|BARRAMENTO|TR 2|CBL0000000121436272|OK|SP145-SP154;SP159-SP165;SP168-SP174;SP179-SP186;SP191-SP198|40||0
PI|TERESINA|PITSA_G1I19|BARRAMENTO|TR 2|CBL0000000121436307|OK|SP145-SP154;SP159-SP165;SP168-SP174;SP179-SP186|32||0
PI|TERESINA|PITSA_G1I19|BARRAMENTO|TR 2|CBL0000000121436312|OK|SP191-SP194|4||0
PI|TERESINA|PITSA_G1I17|BARRAMENTO|TR 1|CBL0000000121415879|NOK||0|F104|1
PI|TERESINA|PITSA_G1I17|BARRAMENTO|TR 1|CBL0000000121417669|NOK||0|F104|1
PI|TERESINA|PITSA_G1I17|BARRAMENTO|TR 1|CBL0000000153236747|NOK||0|F104|1
PI|TERESINA|PITSA_G1I17|BARRAMENTO|TR 1|CBL0000000153237277|NOK||0|F104|1
PI|TERESINA|PITSA_G1I17|BARRAMENTO|TR 1|CBL0000000153254801|NOK||0|F104|1
