UF|MUNICIPIO|ARMARIO|TRONCO|TIPO_CABO|IDENTIFICADOR_UNICO_LOCAL_PONTA_A|LOCAL_PONTA_A|UID_EQUIPAMENTO_A|EQUIPAMENTO_A|UID_EQUIPAMENTO_Z|EQUIPAMENTO_Z|SEQUENCIAMENTO_DO_ENCAMINHAMENTO|IDENTIFICADOR_UNICO_CABO_CONECTADO|CABO_CONECTADO|MODELO|CAPACIDADE|TIPO_DE_INSTALACAO|COMPRIMENTO_GEOMETRICO|NOME_EQUIPAMENTO_1|EQUIPAMENTO_1|NOME_EQUIPAMENTO_2|UID_EQUIPAMENTO_2|qtde_fibras
SC|GAROPABA|SCGRB_G1I01|DGO1_BR-SCGRB01|Primario|LOC0000000016551789|SCGRB_G1I01|EQP0000000016692831|DGO1_BR-SCGRB01|EQP0000000007759946|I01-SCGRBFOSC-18|1|CBL0000000017231251|BR-SCGRB01F1I01-SCGPAFIST-28&SCGPA-I01-SP001-144F1I01-SCGPAFIST-28|CFOA-SM-AS-80G-144|144|Dutos|12.970000000|DGO1_BR-SCGRB01|EQP0000000016692831|I01-SCGRBFIST-28|EQP0000000010262461|2
SC|GAROPABA|SCGRB_G1I01|DGO1_BR-SCGRB01|Primario|LOC0000000016551789|SCGRB_G1I01|EQP0000000016692831|DGO1_BR-SCGRB01|EQP0000000007759946|I01-SCGRBFOSC-18|2|CBL0000000010263525|SCGPA-I01-SP001-077F1I01-SCGPAFOSC-23|CFOA-SM-AS-80G-144|144|Autossustentável;Dutos|187.900000000|I01-SCGRBFIST-28|EQP0000000010262461|I01-SCGRBFOSC-23|EQP0000000008497533|2
SC|GAROPABA|SCGRB_G1I01|DGO1_BR-SCGRB01|Primario|LOC0000000016551789|SCGRB_G1I01|EQP0000000016692831|DGO1_BR-SCGRB01|EQP0000000007759946|I01-SCGRBFOSC-18|3|CBL0000000010264024|SCGPA-I01-SP057-073F1I01-SCGPAFOSC-22|CFOA-SM-AS-80G-36|36|Autossustentável|911.980000000|I01-SCGRBFOSC-23|EQP0000000008497533|I01-SCGRBFOSC-22|EQP0000000008513319|2
SC|GAROPABA|SCGRB_G1I01|DGO1_BR-SCGRB01|Primario|LOC0000000016551789|SCGRB_G1I01|EQP0000000016692831|DGO1_BR-SCGRB01|EQP0000000007759946|I01-SCGRBFOSC-18|4|CBL0000000010264233|SCGPA-I01-SP057-069F1I01-SCGPAFOSC-21|CFOA-SM-AS-80G-36|36|Autossustentável|454.590000000|I01-SCGRBFOSC-22|EQP0000000008513319|I01-SCGRBFOSC-21|EQP0000000008355198|2
SC|GAROPABA|SCGRB_G1I01|DGO1_BR-SCGRB01|Primario|LOC0000000016551789|SCGRB_G1I01|EQP0000000016692831|DGO1_BR-SCGRB01|EQP0000000007759946|I01-SCGRBFOSC-18|5|CBL0000000010264544|SCGPA-I01-SP057-066F1I01-SCGPAFOSC-20|CFOA-SM-AS-80G-36|36|Autossustentável|294.780000000|I01-SCGRBFOSC-21|EQP0000000008355198|I01-SCGRBFOSC-20|EQP0000000008803441|2
SC|GAROPABA|SCGRB_G1I01|DGO1_BR-SCGRB01|Primario|LOC0000000016551789|SCGRB_G1I01|EQP0000000016692831|DGO1_BR-SCGRB01|EQP0000000007759946|I01-SCGRBFOSC-18|6|CBL0000000010265644|SCGPA-I01-SP057-061F1I01-SCGPAFOSC-19|CFOA-SM-ASU-80-S-R-A-12F|12|Autossustentável|670.410000000|I01-SCGRBFOSC-20|EQP0000000008803441|I01-SCGRBFOSC-19|EQP0000000008661053|2
SC|GAROPABA|SCGRB_G1I01|DGO1_BR-SCGRB01|Primario|LOC0000000016551789|SCGRB_G1I01|EQP0000000016692831|DGO1_BR-SCGRB01|EQP0000000007759946|I01-SCGRBFOSC-18|7|CBL0000000010266073|SCGPA-I01-SP057-058F1I01-SCGPAFOSC-18|CFOA-SM-ASU-80-S-R-A-12F|12|Autossustentável|1355.310000000|I01-SCGRBFOSC-19|EQP0000000008661053|I01-SCGRBFOSC-18|EQP0000000007759946|2
SC|GAROPABA|SCGRB_G1I01|DGO1_BR-SCGRB01|Primario|LOC0000000016551789|SCGRB_G1I01|EQP0000000016692831|DGO1_BR-SCGRB01|EQP0000000007921758|I01-SCGRBFOSC-15|1|CBL0000000017231251|BR-SCGRB01F1I01-SCGPAFIST-28&SCGPA-I01-SP001-144F1I01-SCGPAFIST-28|CFOA-SM-AS-80G-144|144|Dutos|12.970000000|DGO1_BR-SCGRB01|EQP0000000016692831|I01-SCGRBFIST-28|EQP0000000010262461|1
SC|GAROPABA|SCGRB_G1I01|DGO1_BR-SCGRB01|Primario|LOC0000000016551789|SCGRB_G1I01|EQP0000000016692831|DGO1_BR-SCGRB01|EQP0000000007921758|I01-SCGRBFOSC-15|2|CBL0000000010263525|SCGPA-I01-SP001-077F1I01-SCGPAFOSC-23|CFOA-SM-AS-80G-144|144|Autossustentável;Dutos|187.900000000|I01-SCGRBFIST-28|EQP0000000010262461|I01-SCGRBFOSC-23|EQP0000000008497533|1
SC|GAROPABA|SCGRB_G1I01|DGO1_BR-SCGRB01|Primario|LOC0000000016551789|SCGRB_G1I01|EQP0000000016692831|DGO1_BR-SCGRB01|EQP0000000007921758|I01-SCGRBFOSC-15|3|CBL0000000010280829|SCGPA-I01-SP045-056F1I01-SCGPAFOSC-17|CFOA-SM-AS-80G-36|36|Autossustentável|410.690000000|I01-SCGRBFOSC-23|EQP0000000008497533|I01-SCGRBFOSC-17|EQP0000000008107072|1
SC|GAROPABA|SCGRB_G1I01|DGO1_BR-SCGRB01|Primario|LOC0000000016551789|SCGRB_G1I01|EQP0000000016692831|DGO1_BR-SCGRB01|EQP0000000007921758|I01-SCGRBFOSC-15|4|CBL0000000010281082|SCGPA-I01-SP045-054F1I01-SCGPAFOSC-16|CFOA-SM-AS-80G-36|36|Autossustentável|334.910000000|I01-SCGRBFOSC-17|EQP0000000008107072|I01-SCGRBFOSC-16|EQP0000000008095528|1
SC|GAROPABA|SCGRB_G1I01|DGO1_BR-SCGRB01|Primario|LOC0000000016551789|SCGRB_G1I01|EQP0000000016692831|DGO1_BR-SCGRB01|EQP0000000007921758|I01-SCGRBFOSC-15|5|CBL0000000010281230|SCGPA-I01-SP050-050F1I01-SCGPAFOSC-15|CFOA-SM-ASU-80-S-R-A-12F|12|Autossustentável|517.940000000|I01-SCGRBFOSC-16|EQP0000000008095528|I01-SCGRBFOSC-15|EQP0000000007921758|1
SC|GAROPABA|SCGRB_G1I01|DGO1_BR-SCGRB01|Primario|LOC0000000016551789|SCGRB_G1I01|EQP0000000016692831|DGO1_BR-SCGRB01|EQP0000000007946942|I01-SCGRBFOSC-14|1|CBL0000000017231251|BR-SCGRB01F1I01-SCGPAFIST-28&SCGPA-I01-SP001-144F1I01-SCGPAFIST-28|CFOA-SM-AS-80G-144|144|Dutos|12.970000000|DGO1_BR-SCGRB01|EQP0000000016692831|I01-SCGRBFIST-28|EQP0000000010262461|5
SC|GAROPABA|SCGRB_G1I01|DGO1_BR-SCGRB01|Primario|LOC0000000016551789|SCGRB_G1I01|EQP0000000016692831|DGO1_BR-SCGRB01|EQP0000000007946942|I01-SCGRBFOSC-14|2|CBL0000000010263525|SCGPA-I01-SP001-077F1I01-SCGPAFOSC-23|CFOA-SM-AS-80G-144|144|Autossustentável;Dutos|187.900000000|I01-SCGRBFIST-28|EQP0000000010262461|I01-SCGRBFOSC-23|EQP0000000008497533|5
SC|GAROPABA|SCGRB_G1I01|DGO1_BR-SCGRB01|Primario|LOC0000000016551789|SCGRB_G1I01|EQP0000000016692831|DGO1_BR-SCGRB01|EQP0000000007946942|I01-SCGRBFOSC-14|3|CBL0000000010280829|SCGPA-I01-SP045-056F1I01-SCGPAFOSC-17|CFOA-SM-AS-80G-36|36|Autossustentável|410.690000000|I01-SCGRBFOSC-23|EQP0000000008497533|I01-SCGRBFOSC-17|EQP0000000008107072|5
SC|GAROPABA|SCGRB_G1I01|DGO1_BR-SCGRB01|Primario|LOC0000000016551789|SCGRB_G1I01|EQP0000000016692831|DGO1_BR-SCGRB01|EQP0000000007946942|I01-SCGRBFOSC-14|4|CBL0000000010281082|SCGPA-I01-SP045-054F1I01-SCGPAFOSC-16|CFOA-SM-AS-80G-36|36|Autossustentável|334.910000000|I01-SCGRBFOSC-17|EQP0000000008107072|I01-SCGRBFOSC-16|EQP0000000008095528|5
SC|GAROPABA|SCGRB_G1I01|DGO1_BR-SCGRB01|Primario|LOC0000000016551789|SCGRB_G1I01|EQP0000000016692831|DGO1_BR-SCGRB01|EQP0000000007946942|I01-SCGRBFOSC-14|5|CBL0000000010287711|SCGPA-I01-SP045-049F1I01-SCGPAFOSC-14|CFOA-SM-ASU-80-S-R-A-12F|12|Autossustentável|201.850000000|I01-SCGRBFOSC-16|EQP0000000008095528|I01-SCGRBFOSC-14|EQP0000000007946942|5
SC|GAROPABA|SCGRB_G1I01|DGO1_BR-SCGRB01|Primario|LOC0000000016551789|SCGRB_G1I01|EQP0000000016692831|DGO1_BR-SCGRB01|EQP0000000008095528|I01-SCGRBFOSC-16|1|CBL0000000017231251|BR-SCGRB01F1I01-SCGPAFIST-28&SCGPA-I01-SP001-144F1I01-SCGPAFIST-28|CFOA-SM-AS-80G-144|144|Dutos|12.970000000|DGO1_BR-SCGRB01|EQP0000000016692831|I01-SCGRBFIST-28|EQP0000000010262461|4
SC|GAROPABA|SCGRB_G1I01|DGO1_BR-SCGRB01|Primario|LOC0000000016551789|SCGRB_G1I01|EQP0000000016692831|DGO1_BR-SCGRB01|EQP0000000008095528|I01-SCGRBFOSC-16|2|CBL0000000010263525|SCGPA-I01-SP001-077F1I01-SCGPAFOSC-23|CFOA-SM-AS-80G-144|144|Autossustentável;Dutos|187.900000000|I01-SCGRBFIST-28|EQP0000000010262461|I01-SCGRBFOSC-23|EQP0000000008497533|4
SC|GAROPABA|SCGRB_G1I01|DGO1_BR-SCGRB01|Primario|LOC0000000016551789|SCGRB_G1I01|EQP0000000016692831|DGO1_BR-SCGRB01|EQP0000000008095528|I01-SCGRBFOSC-16|3|CBL0000000010280829|SCGPA-I01-SP045-056F1I01-SCGPAFOSC-17|CFOA-SM-AS-80G-36|36|Autossustentável|410.690000000|I01-SCGRBFOSC-23|EQP0000000008497533|I01-SCGRBFOSC-17|EQP0000000008107072|4
SC|GAROPABA|SCGRB_G1I01|DGO1_BR-SCGRB01|Primario|LOC0000000016551789|SCGRB_G1I01|EQP0000000016692831|DGO1_BR-SCGRB01|EQP0000000008095528|I01-SCGRBFOSC-16|4|CBL0000000010281082|SCGPA-I01-SP045-054F1I01-SCGPAFOSC-16|CFOA-SM-AS-80G-36|36|Autossustentável|334.910000000|I01-SCGRBFOSC-17|EQP0000000008107072|I01-SCGRBFOSC-16|EQP0000000008095528|4
SC|GAROPABA|SCGRB_G1I01|DGO1_BR-SCGRB01|Primario|LOC0000000016551789|SCGRB_G1I01|EQP0000000016692831|DGO1_BR-SCGRB01|EQP0000000008098017|IO1-SCGRBFOSC-01|1|CBL0000000017231251|BR-SCGRB01F1I01-SCGPAFIST-28&SCGPA-I01-SP001-144F1I01-SCGPAFIST-28|CFOA-SM-AS-80G-144|144|Dutos|12.970000000|DGO1_BR-SCGRB01|EQP0000000016692831|I01-SCGRBFIST-28|EQP0000000010262461|2
SC|GAROPABA|SCGRB_G1I01|DGO1_BR-SCGRB01|Primario|LOC0000000016551789|SCGRB_G1I01|EQP0000000016692831|DGO1_BR-SCGRB01|EQP0000000008098017|IO1-SCGRBFOSC-01|2|CBL0000000010263525|SCGPA-I01-SP001-077F1I01-SCGPAFOSC-23|CFOA-SM-AS-80G-144|144|Autossustentável;Dutos|187.900000000|I01-SCGRBFIST-28|EQP0000000010262461|I01-SCGRBFOSC-23|EQP0000000008497533|2
SC|GAROPABA|SCGRB_G1I01|DGO1_BR-SCGRB01|Primario|LOC0000000016551789|SCGRB_G1I01|EQP0000000016692831|DGO1_BR-SCGRB01|EQP0000000008098017|IO1-SCGRBFOSC-01|3|CBL0000000010318012|SCGPA-I01-SP001-028F1I01-SCGPAFOSC-08|CFOA-SM-AS-80G-72|72|Autossustentável|263.040000000|I01-SCGRBFOSC-23|EQP0000000008497533|I01-SCGRBFOSC-08|EQP0000000008353608|2
SC|GAROPABA|SCGRB_G1I01|DGO1_BR-SCGRB01|Primario|LOC0000000016551789|SCGRB_G1I01|EQP0000000016692831|DGO1_BR-SCGRB01|EQP0000000008098017|IO1-SCGRBFOSC-01|4|CBL0000000010318302|SCGPA-I01-SP001-025F1I01-SCGPAFOSC-07|CFOA-SM-AS-80G-72|72|Autossustentável|517.030000000|I01-SCGRBFOSC-08|EQP0000000008353608|I01-SCGRBFOSC-07|EQP0000000008755351|2
SC|GAROPABA|SCGRB_G1I01|DGO1_BR-SCGRB01|Primario|LOC0000000016551789|SCGRB_G1I01|EQP0000000016692831|DGO1_BR-SCGRB01|EQP0000000008098017|IO1-SCGRBFOSC-01|5|CBL0000000010320797|SCGPA-I01-SP001-019F1I01-SCGPAFOSC-06|CFOA-SM-AS-80G-36|36|Autossustentável|1724.370000000|I01-SCGRBFOSC-07|EQP0000000008755351|I01-SCGRBFOSC-06|EQP0000000008500961|2
SC|GAROPABA|SCGRB_G1I01|DGO1_BR-SCGRB01|Primario|LOC0000000016551789|SCGRB_G1I01|EQP0000000016692831|DGO1_BR-SCGRB01|EQP0000000008098017|IO1-SCGRBFOSC-01|6|CBL0000000010320919|SCGPA-I01-SP001-016F1I01-SCGPAFOSC-05|CFOA-SM-AS-80G-36|36|Autossustentável|555.970000000|I01-SCGRBFOSC-06|EQP0000000008500961|I01-SCGRBFOSC-05|EQP0000000008350662|2
SC|GAROPABA|SCGRB_G1I01|DGO1_BR-SCGRB01|Primario|LOC0000000016551789|SCGRB_G1I01|EQP0000000016692831|DGO1_BR-SCGRB01|EQP0000000008098017|IO1-SCGRBFOSC-01|7|CBL0000000010321360|SCGPA-I01-SP001-011F1I01-SCGPAFOSC-04|CFOA-SM-AS-80G-36|36|Autossustentável|903.750000000|I01-SCGRBFOSC-05|EQP0000000008350662|I01-SCGRBFOSC-04|EQP0000000008495423|2
SC|GAROPABA|SCGRB_G1I01|DGO1_BR-SCGRB01|Primario|LOC0000000016551789|SCGRB_G1I01|EQP0000000016692831|DGO1_BR-SCGRB01|EQP0000000008098017|IO1-SCGRBFOSC-01|8|CBL0000000010321854|SCGPA-I01-SP001-006F1I01-SCGPAFOSC-02|CFOA-SM-ASU-80-S-R-A-12F|12|Autossustentável|387.630000000|I01-SCGRBFOSC-04|EQP0000000008495423|I01-SCGRBFOSC-02|EQP0000000008135395|2
SC|GAROPABA|SCGRB_G1I01|DGO1_BR-SCGRB01|Primario|LOC0000000016551789|SCGRB_G1I01|EQP0000000016692831|DGO1_BR-SCGRB01|EQP0000000008098017|IO1-SCGRBFOSC-01|9|CBL0000000010321936|SCGPA-I01-SP001-002F1IO1-SCGPAFOSC01|CFOA-SM-ASU-80-S-R-A-12F|12|Autossustentável|498.060000000|I01-SCGRBFOSC-02|EQP0000000008135395|IO1-SCGRBFOSC-01|EQP0000000008098017|2
SC|GAROPABA|SCGRB_G1I01|DGO1_BR-SCGRB01|Primario|LOC0000000016551789|SCGRB_G1I01|EQP0000000016692831|DGO1_BR-SCGRB01|EQP0000000008107072|I01-SCGRBFOSC-17|1|CBL0000000017231251|BR-SCGRB01F1I01-SCGPAFIST-28&SCGPA-I01-SP001-144F1I01-SCGPAFIST-28|CFOA-SM-AS-80G-144|144|Dutos|12.970000000|DGO1_BR-SCGRB01|EQP0000000016692831|I01-SCGRBFIST-28|EQP0000000010262461|2
SC|GAROPABA|SCGRB_G1I01|DGO1_BR-SCGRB01|Primario|LOC0000000016551789|SCGRB_G1I01|EQP0000000016692831|DGO1_BR-SCGRB01|EQP0000000008107072|I01-SCGRBFOSC-17|2|CBL0000000010263525|SCGPA-I01-SP001-077F1I01-SCGPAFOSC-23|CFOA-SM-AS-80G-144|144|Autossustentável;Dutos|187.900000000|I01-SCGRBFIST-28|EQP0000000010262461|I01-SCGRBFOSC-23|EQP0000000008497533|2
SC|GAROPABA|SCGRB_G1I01|DGO1_BR-SCGRB01|Primario|LOC0000000016551789|SCGRB_G1I01|EQP0000000016692831|DGO1_BR-SCGRB01|EQP0000000008107072|I01-SCGRBFOSC-17|3|CBL0000000010280829|SCGPA-I01-SP045-056F1I01-SCGPAFOSC-17|CFOA-SM-AS-80G-36|36|Autossustentável|410.690000000|I01-SCGRBFOSC-23|EQP0000000008497533|I01-SCGRBFOSC-17|EQP0000000008107072|2
SC|GAROPABA|SCGRB_G1I01|DGO1_BR-SCGRB01|Primario|LOC0000000016551789|SCGRB_G1I01|EQP0000000016692831|DGO1_BR-SCGRB01|EQP0000000008135395|I01-SCGRBFOSC-02|1|CBL0000000017231251|BR-SCGRB01F1I01-SCGPAFIST-28&SCGPA-I01-SP001-144F1I01-SCGPAFIST-28|CFOA-SM-AS-80G-144|144|Dutos|12.970000000|DGO1_BR-SCGRB01|EQP0000000016692831|I01-SCGRBFIST-28|EQP0000000010262461|4
SC|GAROPABA|SCGRB_G1I01|DGO1_BR-SCGRB01|Primario|LOC0000000016551789|SCGRB_G1I01|EQP0000000016692831|DGO1_BR-SCGRB01|EQP0000000008135395|I01-SCGRBFOSC-02|2|CBL0000000010263525|SCGPA-I01-SP001-077F1I01-SCGPAFOSC-23|CFOA-SM-AS-80G-144|144|Autossustentável;Dutos|187.900000000|I01-SCGRBFIST-28|EQP0000000010262461|I01-SCGRBFOSC-23|EQP0000000008497533|4
SC|GAROPABA|SCGRB_G1I01|DGO1_BR-SCGRB01|Primario|LOC0000000016551789|SCGRB_G1I01|EQP0000000016692831|DGO1_BR-SCGRB01|EQP0000000008135395|I01-SCGRBFOSC-02|3|CBL0000000010318012|SCGPA-I01-SP001-028F1I01-SCGPAFOSC-08|CFOA-SM-AS-80G-72|72|Autossustentável|263.040000000|I01-SCGRBFOSC-23|EQP0000000008497533|I01-SCGRBFOSC-08|EQP0000000008353608|4
SC|GAROPABA|SCGRB_G1I01|DGO1_BR-SCGRB01|Primario|LOC0000000016551789|SCGRB_G1I01|EQP0000000016692831|DGO1_BR-SCGRB01|EQP0000000008135395|I01-SCGRBFOSC-02|4|CBL0000000010318302|SCGPA-I01-SP001-025F1I01-SCGPAFOSC-07|CFOA-SM-AS-80G-72|72|Autossustentável|517.030000000|I01-SCGRBFOSC-08|EQP0000000008353608|I01-SCGRBFOSC-07|EQP0000000008755351|4
SC|GAROPABA|SCGRB_G1I01|DGO1_BR-SCGRB01|Primario|LOC0000000016551789|SCGRB_G1I01|EQP0000000016692831|DGO1_BR-SCGRB01|EQP0000000008135395|I01-SCGRBFOSC-02|5|CBL0000000010320797|SCGPA-I01-SP001-019F1I01-SCGPAFOSC-06|CFOA-SM-AS-80G-36|36|Autossustentável|1724.370000000|I01-SCGRBFOSC-07|EQP0000000008755351|I01-SCGRBFOSC-06|EQP0000000008500961|4
SC|GAROPABA|SCGRB_G1I01|DGO1_BR-SCGRB01|Primario|LOC0000000016551789|SCGRB_G1I01|EQP0000000016692831|DGO1_BR-SCGRB01|EQP0000000008135395|I01-SCGRBFOSC-02|6|CBL0000000010320919|SCGPA-I01-SP001-016F1I01-SCGPAFOSC-05|CFOA-SM-AS-80G-36|36|Autossustentável|555.970000000|I01-SCGRBFOSC-06|EQP0000000008500961|I01-SCGRBFOSC-05|EQP0000000008350662|4
SC|GAROPABA|SCGRB_G1I01|DGO1_BR-SCGRB01|Primario|LOC0000000016551789|SCGRB_G1I01|EQP0000000016692831|DGO1_BR-SCGRB01|EQP0000000008135395|I01-SCGRBFOSC-02|7|CBL0000000010321360|SCGPA-I01-SP001-011F1I01-SCGPAFOSC-04|CFOA-SM-AS-80G-36|36|Autossustentável|903.750000000|I01-SCGRBFOSC-05|EQP0000000008350662|I01-SCGRBFOSC-04|EQP0000000008495423|4
SC|GAROPABA|SCGRB_G1I01|DGO1_BR-SCGRB01|Primario|LOC0000000016551789|SCGRB_G1I01|EQP0000000016692831|DGO1_BR-SCGRB01|EQP0000000008135395|I01-SCGRBFOSC-02|8|CBL0000000010321854|SCGPA-I01-SP001-006F1I01-SCGPAFOSC-02|CFOA-SM-ASU-80-S-R-A-12F|12|Autossustentável|387.630000000|I01-SCGRBFOSC-04|EQP0000000008495423|I01-SCGRBFOSC-02|EQP0000000008135395|4
SC|GAROPABA|SCGRB_G1I01|DGO1_BR-SCGRB01|Primario|LOC0000000016551789|SCGRB_G1I01|EQP0000000016692831|DGO1_BR-SCGRB01|EQP0000000008220784|I01-SCGRBFOSC-12|1|CBL0000000017231251|BR-SCGRB01F1I01-SCGPAFIST-28&SCGPA-I01-SP001-144F1I01-SCGPAFIST-28|CFOA-SM-AS-80G-144|144|Dutos|12.970000000|DGO1_BR-SCGRB01|EQP0000000016692831|I01-SCGRBFIST-28|EQP0000000010262461|4
SC|GAROPABA|SCGRB_G1I01|DGO1_BR-SCGRB01|Primario|LOC0000000016551789|SCGRB_G1I01|EQP0000000016692831|DGO1_BR-SCGRB01|EQP0000000008220784|I01-SCGRBFOSC-12|2|CBL0000000010263525|SCGPA-I01-SP001-077F1I01-SCGPAFOSC-23|CFOA-SM-AS-80G-144|144|Autossustentável;Dutos|187.900000000|I01-SCGRBFIST-28|EQP0000000010262461|I01-SCGRBFOSC-23|EQP0000000008497533|4
SC|GAROPABA|SCGRB_G1I01|DGO1_BR-SCGRB01|Primario|LOC0000000016551789|SCGRB_G1I01|EQP0000000016692831|DGO1_BR-SCGRB01|EQP0000000008220784|I01-SCGRBFOSC-12|3|CBL0000000010289855|SCGPA-I01-SP029-044F1I01-SCGPAFOSC-13|CFOA-SM-AS-80G-36|36|Autossustentável|382.700000000|I01-SCGRBFOSC-23|EQP0000000008497533|I01-SCGRBFOSC-13|EQP0000000008439394|4
SC|GAROPABA|SCGRB_G1I01|DGO1_BR-SCGRB01|Primario|LOC0000000016551789|SCGRB_G1I01|EQP0000000016692831|DGO1_BR-SCGRB01|EQP0000000008220784|I01-SCGRBFOSC-12|4|CBL0000000010290865|SCGPA-I01-SP036-042F1I01-SCGPAFOSC-12|CFOA-SM-ASU-80-S-R-A-12F|12|Autossustentável|754.140000000|I01-SCGRBFOSC-13|EQP0000000008439394|I01-SCGRBFOSC-12|EQP0000000008220784|4
SC|GAROPABA|SCGRB_G1I01|DGO1_BR-SCGRB01|Primario|LOC0000000016551789|SCGRB_G1I01|EQP0000000016692831|DGO1_BR-SCGRB01|EQP0000000008285029|I01-SCGRBFOSC-27|1|CBL0000000017231251|BR-SCGRB01F1I01-SCGPAFIST-28&SCGPA-I01-SP001-144F1I01-SCGPAFIST-28|CFOA-SM-AS-80G-144|144|Dutos|12.970000000|DGO1_BR-SCGRB01|EQP0000000016692831|I01-SCGRBFIST-28|EQP0000000010262461|3
SC|GAROPABA|SCGRB_G1I01|DGO1_BR-SCGRB01|Primario|LOC0000000016551789|SCGRB_G1I01|EQP0000000016692831|DGO1_BR-SCGRB01|EQP0000000008285029|I01-SCGRBFOSC-27|2|CBL0000000010262672|SCGPA-I01-SP078-090F1I01-SCGPAFOSC-27|CFOA-SM-AS-80G-36|36|Dutos|32.740000000|I01-SCGRBFIST-28|EQP0000000010262461|I01-SCGRBFOSC-27|EQP0000000008285029|3
SC|GAROPABA|SCGRB_G1I01|DGO1_BR-SCGRB01|Primario|LOC0000000016551789|SCGRB_G1I01|EQP0000000016692831|DGO1_BR-SCGRB01|EQP0000000008305360|I01-SCGPRBOSC-26|1|CBL0000000017231251|BR-SCGRB01F1I01-SCGPAFIST-28&SCGPA-I01-SP001-144F1I01-SCGPAFIST-28|CFOA-SM-AS-80G-144|144|Dutos|12.970000000|DGO1_BR-SCGRB01|EQP0000000016692831|I01-SCGRBFIST-28|EQP0000000010262461|4
SC|GAROPABA|SCGRB_G1I01|DGO1_BR-SCGRB01|Primario|LOC0000000016551789|SCGRB_G1I01|EQP0000000016692831|DGO1_BR-SCGRB01|EQP0000000008305360|I01-SCGPRBOSC-26|2|CBL0000000010262672|SCGPA-I01-SP078-090F1I01-SCGPAFOSC-27|CFOA-SM-AS-80G-36|36|Dutos|32.740000000|I01-SCGRBFIST-28|EQP0000000010262461|I01-SCGRBFOSC-27|EQP0000000008285029|4
SC|GAROPABA|SCGRB_G1I01|DGO1_BR-SCGRB01|Primario|LOC0000000016551789|SCGRB_G1I01|EQP0000000016692831|DGO1_BR-SCGRB01|EQP0000000008305360|I01-SCGPRBOSC-26|3|CBL0000000010157409|SCGPA-I01-SP078-087F1I01-SCGPAFOSC-26|CFOA-SM-AS-80G-36|36|Autossustentável|419.750000000|I01-SCGRBFOSC-27|EQP0000000008285029|I01-SCGPRBOSC-26|EQP0000000008305360|4
SC|GAROPABA|SCGRB_G1I01|DGO1_BR-SCGRB01|Primario|LOC0000000016551789|SCGRB_G1I01|EQP0000000016692831|DGO1_BR-SCGRB01|EQP0000000008308501|I01-SCGRBFOSC-25|1|CBL0000000017231251|BR-SCGRB01F1I01-SCGPAFIST-28&SCGPA-I01-SP001-144F1I01-SCGPAFIST-28|CFOA-SM-AS-80G-144|144|Dutos|12.970000000|DGO1_BR-SCGRB01|EQP0000000016692831|I01-SCGRBFIST-28|EQP0000000010262461|3
SC|GAROPABA|SCGRB_G1I01|DGO1_BR-SCGRB01|Primario|LOC0000000016551789|SCGRB_G1I01|EQP0000000016692831|DGO1_BR-SCGRB01|EQP0000000008308501|I01-SCGRBFOSC-25|2|CBL0000000010262672|SCGPA-I01-SP078-090F1I01-SCGPAFOSC-27|CFOA-SM-AS-80G-36|36|Dutos|32.740000000|I01-SCGRBFIST-28|EQP0000000010262461|I01-SCGRBFOSC-27|EQP0000000008285029|3
SC|GAROPABA|SCGRB_G1I01|DGO1_BR-SCGRB01|Primario|LOC0000000016551789|SCGRB_G1I01|EQP0000000016692831|DGO1_BR-SCGRB01|EQP0000000008308501|I01-SCGRBFOSC-25|3|CBL0000000010157409|SCGPA-I01-SP078-087F1I01-SCGPAFOSC-26|CFOA-SM-AS-80G-36|36|Autossustentável|419.750000000|I01-SCGRBFOSC-27|EQP0000000008285029|I01-SCGPRBOSC-26|EQP0000000008305360|3
SC|GAROPABA|SCGRB_G1I01|DGO1_BR-SCGRB01|Primario|LOC0000000016551789|SCGRB_G1I01|EQP0000000016692831|DGO1_BR-SCGRB01|EQP0000000008308501|I01-SCGRBFOSC-25|4|CBL0000000010166303|SCGPA-I01-SP078-083F1I01-SCGPAFOSC-25|CFOA-SM-ASU-80-S-R-A-12F|12|Autossustentável|299.750000000|I01-SCGPRBOSC-26|EQP0000000008305360|I01-SCGRBFOSC-25|EQP0000000008308501|3
SC|GAROPABA|SCGRB_G1I01|DGO1_BR-SCGRB01|Primario|LOC0000000016551789|SCGRB_G1I01|EQP0000000016692831|DGO1_BR-SCGRB01|EQP0000000008350662|I01-SCGRBFOSC-05|1|CBL0000000017231251|BR-SCGRB01F1I01-SCGPAFIST-28&SCGPA-I01-SP001-144F1I01-SCGPAFIST-28|CFOA-SM-AS-80G-144|144|Dutos|12.970000000|DGO1_BR-SCGRB01|EQP0000000016692831|I01-SCGRBFIST-28|EQP0000000010262461|5
SC|GAROPABA|SCGRB_G1I01|DGO1_BR-SCGRB01|Primario|LOC0000000016551789|SCGRB_G1I01|EQP0000000016692831|DGO1_BR-SCGRB01|EQP0000000008350662|I01-SCGRBFOSC-05|2|CBL0000000010263525|SCGPA-I01-SP001-077F1I01-SCGPAFOSC-23|CFOA-SM-AS-80G-144|144|Autossustentável;Dutos|187.900000000|I01-SCGRBFIST-28|EQP0000000010262461|I01-SCGRBFOSC-23|EQP0000000008497533|5
SC|GAROPABA|SCGRB_G1I01|DGO1_BR-SCGRB01|Primario|LOC0000000016551789|SCGRB_G1I01|EQP0000000016692831|DGO1_BR-SCGRB01|EQP0000000008350662|I01-SCGRBFOSC-05|3|CBL0000000010318012|SCGPA-I01-SP001-028F1I01-SCGPAFOSC-08|CFOA-SM-AS-80G-72|72|Autossustentável|263.040000000|I01-SCGRBFOSC-23|EQP0000000008497533|I01-SCGRBFOSC-08|EQP0000000008353608|5
SC|GAROPABA|SCGRB_G1I01|DGO1_BR-SCGRB01|Primario|LOC0000000016551789|SCGRB_G1I01|EQP0000000016692831|DGO1_BR-SCGRB01|EQP0000000008350662|I01-SCGRBFOSC-05|4|CBL0000000010318302|SCGPA-I01-SP001-025F1I01-SCGPAFOSC-07|CFOA-SM-AS-80G-72|72|Autossustentável|517.030000000|I01-SCGRBFOSC-08|EQP0000000008353608|I01-SCGRBFOSC-07|EQP0000000008755351|5
SC|GAROPABA|SCGRB_G1I01|DGO1_BR-SCGRB01|Primario|LOC0000000016551789|SCGRB_G1I01|EQP0000000016692831|DGO1_BR-SCGRB01|EQP0000000008350662|I01-SCGRBFOSC-05|5|CBL0000000010320797|SCGPA-I01-SP001-019F1I01-SCGPAFOSC-06|CFOA-SM-AS-80G-36|36|Autossustentável|1724.370000000|I01-SCGRBFOSC-07|EQP0000000008755351|I01-SCGRBFOSC-06|EQP0000000008500961|5
SC|GAROPABA|SCGRB_G1I01|DGO1_BR-SCGRB01|Primario|LOC0000000016551789|SCGRB_G1I01|EQP0000000016692831|DGO1_BR-SCGRB01|EQP0000000008350662|I01-SCGRBFOSC-05|6|CBL0000000010320919|SCGPA-I01-SP001-016F1I01-SCGPAFOSC-05|CFOA-SM-AS-80G-36|36|Autossustentável|555.970000000|I01-SCGRBFOSC-06|EQP0000000008500961|I01-SCGRBFOSC-05|EQP0000000008350662|5
SC|GAROPABA|SCGRB_G1I01|DGO1_BR-SCGRB01|Primario|LOC0000000016551789|SCGRB_G1I01|EQP0000000016692831|DGO1_BR-SCGRB01|EQP0000000008353242|I01-SCGRBFOSC-24|1|CBL0000000017231251|BR-SCGRB01F1I01-SCGPAFIST-28&SCGPA-I01-SP001-144F1I01-SCGPAFIST-28|CFOA-SM-AS-80G-144|144|Dutos|12.970000000|DGO1_BR-SCGRB01|EQP0000000016692831|I01-SCGRBFIST-28|EQP0000000010262461|3
SC|GAROPABA|SCGRB_G1I01|DGO1_BR-SCGRB01|Primario|LOC0000000016551789|SCGRB_G1I01|EQP0000000016692831|DGO1_BR-SCGRB01|EQP0000000008353242|I01-SCGRBFOSC-24|2|CBL0000000010262672|SCGPA-I01-SP078-090F1I01-SCGPAFOSC-27|CFOA-SM-AS-80G-36|36|Dutos|32.740000000|I01-SCGRBFIST-28|EQP0000000010262461|I01-SCGRBFOSC-27|EQP0000000008285029|3
SC|GAROPABA|SCGRB_G1I01|DGO1_BR-SCGRB01|Primario|LOC0000000016551789|SCGRB_G1I01|EQP0000000016692831|DGO1_BR-SCGRB01|EQP0000000008353242|I01-SCGRBFOSC-24|3|CBL0000000010157409|SCGPA-I01-SP078-087F1I01-SCGPAFOSC-26|CFOA-SM-AS-80G-36|36|Autossustentável|419.750000000|I01-SCGRBFOSC-27|EQP0000000008285029|I01-SCGPRBOSC-26|EQP0000000008305360|3
SC|GAROPABA|SCGRB_G1I01|DGO1_BR-SCGRB01|Primario|LOC0000000016551789|SCGRB_G1I01|EQP0000000016692831|DGO1_BR-SCGRB01|EQP0000000008353242|I01-SCGRBFOSC-24|4|CBL0000000010166303|SCGPA-I01-SP078-083F1I01-SCGPAFOSC-25|CFOA-SM-ASU-80-S-R-A-12F|12|Autossustentável|299.750000000|I01-SCGPRBOSC-26|EQP0000000008305360|I01-SCGRBFOSC-25|EQP0000000008308501|3
SC|GAROPABA|SCGRB_G1I01|DGO1_BR-SCGRB01|Primario|LOC0000000016551789|SCGRB_G1I01|EQP0000000016692831|DGO1_BR-SCGRB01|EQP0000000008353242|I01-SCGRBFOSC-24|5|CBL0000000010170948|SCGPA-I01-SP078-080F1I01-SCGPAFOSC-24|CFOA-SM-ASU-80-S-R-A-12F|12|Autossustentável|327.210000000|I01-SCGRBFOSC-25|EQP0000000008308501|I01-SCGRBFOSC-24|EQP0000000008353242|3
SC|GAROPABA|SCGRB_G1I01|DGO1_BR-SCGRB01|Primario|LOC0000000016551789|SCGRB_G1I01|EQP0000000016692831|DGO1_BR-SCGRB01|EQP0000000008353608|I01-SCGRBFOSC-08|1|CBL0000000017231251|BR-SCGRB01F1I01-SCGPAFIST-28&SCGPA-I01-SP001-144F1I01-SCGPAFIST-28|CFOA-SM-AS-80G-144|144|Dutos|12.970000000|DGO1_BR-SCGRB01|EQP0000000016692831|I01-SCGRBFIST-28|EQP0000000010262461|3
SC|GAROPABA|SCGRB_G1I01|DGO1_BR-SCGRB01|Primario|LOC0000000016551789|SCGRB_G1I01|EQP0000000016692831|DGO1_BR-SCGRB01|EQP0000000008353608|I01-SCGRBFOSC-08|2|CBL0000000010263525|SCGPA-I01-SP001-077F1I01-SCGPAFOSC-23|CFOA-SM-AS-80G-144|144|Autossustentável;Dutos|187.900000000|I01-SCGRBFIST-28|EQP0000000010262461|I01-SCGRBFOSC-23|EQP0000000008497533|3
SC|GAROPABA|SCGRB_G1I01|DGO1_BR-SCGRB01|Primario|LOC0000000016551789|SCGRB_G1I01|EQP0000000016692831|DGO1_BR-SCGRB01|EQP0000000008353608|I01-SCGRBFOSC-08|3|CBL0000000010318012|SCGPA-I01-SP001-028F1I01-SCGPAFOSC-08|CFOA-SM-AS-80G-72|72|Autossustentável|263.040000000|I01-SCGRBFOSC-23|EQP0000000008497533|I01-SCGRBFOSC-08|EQP0000000008353608|3
SC|GAROPABA|SCGRB_G1I01|DGO1_BR-SCGRB01|Primario|LOC0000000016551789|SCGRB_G1I01|EQP0000000016692831|DGO1_BR-SCGRB01|EQP0000000008355198|I01-SCGRBFOSC-21|1|CBL0000000017231251|BR-SCGRB01F1I01-SCGPAFIST-28&SCGPA-I01-SP001-144F1I01-SCGPAFIST-28|CFOA-SM-AS-80G-144|144|Dutos|12.970000000|DGO1_BR-SCGRB01|EQP0000000016692831|I01-SCGRBFIST-28|EQP0000000010262461|3
SC|GAROPABA|SCGRB_G1I01|DGO1_BR-SCGRB01|Primario|LOC0000000016551789|SCGRB_G1I01|EQP0000000016692831|DGO1_BR-SCGRB01|EQP0000000008355198|I01-SCGRBFOSC-21|2|CBL0000000010263525|SCGPA-I01-SP001-077F1I01-SCGPAFOSC-23|CFOA-SM-AS-80G-144|144|Autossustentável;Dutos|187.900000000|I01-SCGRBFIST-28|EQP0000000010262461|I01-SCGRBFOSC-23|EQP0000000008497533|3
SC|GAROPABA|SCGRB_G1I01|DGO1_BR-SCGRB01|Primario|LOC0000000016551789|SCGRB_G1I01|EQP0000000016692831|DGO1_BR-SCGRB01|EQP0000000008355198|I01-SCGRBFOSC-21|3|CBL0000000010264024|SCGPA-I01-SP057-073F1I01-SCGPAFOSC-22|CFOA-SM-AS-80G-36|36|Autossustentável|911.980000000|I01-SCGRBFOSC-23|EQP0000000008497533|I01-SCGRBFOSC-22|EQP0000000008513319|3
SC|GAROPABA|SCGRB_G1I01|DGO1_BR-SCGRB01|Primario|LOC0000000016551789|SCGRB_G1I01|EQP0000000016692831|DGO1_BR-SCGRB01|EQP0000000008355198|I01-SCGRBFOSC-21|4|CBL0000000010264233|SCGPA-I01-SP057-069F1I01-SCGPAFOSC-21|CFOA-SM-AS-80G-36|36|Autossustentável|454.590000000|I01-SCGRBFOSC-22|EQP0000000008513319|I01-SCGRBFOSC-21|EQP0000000008355198|3
SC|GAROPABA|SCGRB_G1I01|DGO1_BR-SCGRB01|Primario|LOC0000000016551789|SCGRB_G1I01|EQP0000000016692831|DGO1_BR-SCGRB01|EQP0000000008403902|I01-SCGRBFOSC09|1|CBL0000000017231251|BR-SCGRB01F1I01-SCGPAFIST-28&SCGPA-I01-SP001-144F1I01-SCGPAFIST-28|CFOA-SM-AS-80G-144|144|Dutos|12.970000000|DGO1_BR-SCGRB01|EQP0000000016692831|I01-SCGRBFIST-28|EQP0000000010262461|5
SC|GAROPABA|SCGRB_G1I01|DGO1_BR-SCGRB01|Primario|LOC0000000016551789|SCGRB_G1I01|EQP0000000016692831|DGO1_BR-SCGRB01|EQP0000000008403902|I01-SCGRBFOSC09|2|CBL0000000010263525|SCGPA-I01-SP001-077F1I01-SCGPAFOSC-23|CFOA-SM-AS-80G-144|144|Autossustentável;Dutos|187.900000000|I01-SCGRBFIST-28|EQP0000000010262461|I01-SCGRBFOSC-23|EQP0000000008497533|5
SC|GAROPABA|SCGRB_G1I01|DGO1_BR-SCGRB01|Primario|LOC0000000016551789|SCGRB_G1I01|EQP0000000016692831|DGO1_BR-SCGRB01|EQP0000000008403902|I01-SCGRBFOSC09|3|CBL0000000010289855|SCGPA-I01-SP029-044F1I01-SCGPAFOSC-13|CFOA-SM-AS-80G-36|36|Autossustentável|382.700000000|I01-SCGRBFOSC-23|EQP0000000008497533|I01-SCGRBFOSC-13|EQP0000000008439394|5
SC|GAROPABA|SCGRB_G1I01|DGO1_BR-SCGRB01|Primario|LOC0000000016551789|SCGRB_G1I01|EQP0000000016692831|DGO1_BR-SCGRB01|EQP0000000008403902|I01-SCGRBFOSC09|4|CBL0000000010300106|SCGPA-I01-SP029-035F1I01-SCGPAFOSC-10|CFOA-SM-ASU-80-S-R-A-12F|12|Autossustentável|558.810000000|I01-SCGRBFOSC-13|EQP0000000008439394|I01-SCGRBFOSC-10|EQP0000000010296529|5
SC|GAROPABA|SCGRB_G1I01|DGO1_BR-SCGRB01|Primario|LOC0000000016551789|SCGRB_G1I01|EQP0000000016692831|DGO1_BR-SCGRB01|EQP0000000008403902|I01-SCGRBFOSC09|5|CBL0000000010300178|SCGPA-I01-SP029-033F1I01-SCGPAFOSC09|CFOA-SM-ASU-80-S-R-A-12F|12|Autossustentável|586.420000000|I01-SCGRBFOSC-10|EQP0000000010296529|I01-SCGRBFOSC09|EQP0000000008403902|5
SC|GAROPABA|SCGRB_G1I01|DGO1_BR-SCGRB01|Primario|LOC0000000016551789|SCGRB_G1I01|EQP0000000016692831|DGO1_BR-SCGRB01|EQP0000000008439394|I01-SCGRBFOSC-13|1|CBL0000000017231251|BR-SCGRB01F1I01-SCGPAFIST-28&SCGPA-I01-SP001-144F1I01-SCGPAFIST-28|CFOA-SM-AS-80G-144|144|Dutos|12.970000000|DGO1_BR-SCGRB01|EQP0000000016692831|I01-SCGRBFIST-28|EQP0000000010262461|2
SC|GAROPABA|SCGRB_G1I01|DGO1_BR-SCGRB01|Primario|LOC0000000016551789|SCGRB_G1I01|EQP0000000016692831|DGO1_BR-SCGRB01|EQP0000000008439394|I01-SCGRBFOSC-13|2|CBL0000000010263525|SCGPA-I01-SP001-077F1I01-SCGPAFOSC-23|CFOA-SM-AS-80G-144|144|Autossustentável;Dutos|187.900000000|I01-SCGRBFIST-28|EQP0000000010262461|I01-SCGRBFOSC-23|EQP0000000008497533|2
SC|GAROPABA|SCGRB_G1I01|DGO1_BR-SCGRB01|Primario|LOC0000000016551789|SCGRB_G1I01|EQP0000000016692831|DGO1_BR-SCGRB01|EQP0000000008439394|I01-SCGRBFOSC-13|3|CBL0000000010289855|SCGPA-I01-SP029-044F1I01-SCGPAFOSC-13|CFOA-SM-AS-80G-36|36|Autossustentável|382.700000000|I01-SCGRBFOSC-23|EQP0000000008497533|I01-SCGRBFOSC-13|EQP0000000008439394|2
SC|GAROPABA|SCGRB_G1I01|DGO1_BR-SCGRB01|Primario|LOC0000000016551789|SCGRB_G1I01|EQP0000000016692831|DGO1_BR-SCGRB01|EQP0000000008495423|I01-SCGRBFOSC-04|1|CBL0000000017231251|BR-SCGRB01F1I01-SCGPAFIST-28&SCGPA-I01-SP001-144F1I01-SCGPAFIST-28|CFOA-SM-AS-80G-144|144|Dutos|12.970000000|DGO1_BR-SCGRB01|EQP0000000016692831|I01-SCGRBFIST-28|EQP0000000010262461|3
SC|GAROPABA|SCGRB_G1I01|DGO1_BR-SCGRB01|Primario|LOC0000000016551789|SCGRB_G1I01|EQP0000000016692831|DGO1_BR-SCGRB01|EQP0000000008495423|I01-SCGRBFOSC-04|2|CBL0000000010263525|SCGPA-I01-SP001-077F1I01-SCGPAFOSC-23|CFOA-SM-AS-80G-144|144|Autossustentável;Dutos|187.900000000|I01-SCGRBFIST-28|EQP0000000010262461|I01-SCGRBFOSC-23|EQP0000000008497533|3
SC|GAROPABA|SCGRB_G1I01|DGO1_BR-SCGRB01|Primario|LOC0000000016551789|SCGRB_G1I01|EQP0000000016692831|DGO1_BR-SCGRB01|EQP0000000008495423|I01-SCGRBFOSC-04|3|CBL0000000010318012|SCGPA-I01-SP001-028F1I01-SCGPAFOSC-08|CFOA-SM-AS-80G-72|72|Autossustentável|263.040000000|I01-SCGRBFOSC-23|EQP0000000008497533|I01-SCGRBFOSC-08|EQP0000000008353608|3
SC|GAROPABA|SCGRB_G1I01|DGO1_BR-SCGRB01|Primario|LOC0000000016551789|SCGRB_G1I01|EQP0000000016692831|DGO1_BR-SCGRB01|EQP0000000008495423|I01-SCGRBFOSC-04|4|CBL0000000010318302|SCGPA-I01-SP001-025F1I01-SCGPAFOSC-07|CFOA-SM-AS-80G-72|72|Autossustentável|517.030000000|I01-SCGRBFOSC-08|EQP0000000008353608|I01-SCGRBFOSC-07|EQP0000000008755351|3
SC|GAROPABA|SCGRB_G1I01|DGO1_BR-SCGRB01|Primario|LOC0000000016551789|SCGRB_G1I01|EQP0000000016692831|DGO1_BR-SCGRB01|EQP0000000008495423|I01-SCGRBFOSC-04|5|CBL0000000010320797|SCGPA-I01-SP001-019F1I01-SCGPAFOSC-06|CFOA-SM-AS-80G-36|36|Autossustentável|1724.370000000|I01-SCGRBFOSC-07|EQP0000000008755351|I01-SCGRBFOSC-06|EQP0000000008500961|3
SC|GAROPABA|SCGRB_G1I01|DGO1_BR-SCGRB01|Primario|LOC0000000016551789|SCGRB_G1I01|EQP0000000016692831|DGO1_BR-SCGRB01|EQP0000000008495423|I01-SCGRBFOSC-04|6|CBL0000000010320919|SCGPA-I01-SP001-016F1I01-SCGPAFOSC-05|CFOA-SM-AS-80G-36|36|Autossustentável|555.970000000|I01-SCGRBFOSC-06|EQP0000000008500961|I01-SCGRBFOSC-05|EQP0000000008350662|3
SC|GAROPABA|SCGRB_G1I01|DGO1_BR-SCGRB01|Primario|LOC0000000016551789|SCGRB_G1I01|EQP0000000016692831|DGO1_BR-SCGRB01|EQP0000000008495423|I01-SCGRBFOSC-04|7|CBL0000000010321360|SCGPA-I01-SP001-011F1I01-SCGPAFOSC-04|CFOA-SM-AS-80G-36|36|Autossustentável|903.750000000|I01-SCGRBFOSC-05|EQP0000000008350662|I01-SCGRBFOSC-04|EQP0000000008495423|3
SC|GAROPABA|SCGRB_G1I01|DGO1_BR-SCGRB01|Primario|LOC0000000016551789|SCGRB_G1I01|EQP0000000016692831|DGO1_BR-SCGRB01|EQP0000000008497533|I01-SCGRBFOSC-23|1|CBL0000000017231251|BR-SCGRB01F1I01-SCGPAFIST-28&SCGPA-I01-SP001-144F1I01-SCGPAFIST-28|CFOA-SM-AS-80G-144|144|Dutos|12.970000000|DGO1_BR-SCGRB01|EQP0000000016692831|I01-SCGRBFIST-28|EQP0000000010262461|4
SC|GAROPABA|SCGRB_G1I01|DGO1_BR-SCGRB01|Primario|LOC0000000016551789|SCGRB_G1I01|EQP0000000016692831|DGO1_BR-SCGRB01|EQP0000000008497533|I01-SCGRBFOSC-23|2|CBL0000000010263525|SCGPA-I01-SP001-077F1I01-SCGPAFOSC-23|CFOA-SM-AS-80G-144|144|Autossustentável;Dutos|187.900000000|I01-SCGRBFIST-28|EQP0000000010262461|I01-SCGRBFOSC-23|EQP0000000008497533|4
SC|GAROPABA|SCGRB_G1I01|DGO1_BR-SCGRB01|Primario|LOC0000000016551789|SCGRB_G1I01|EQP0000000016692831|DGO1_BR-SCGRB01|EQP0000000008500961|I01-SCGRBFOSC-06|1|CBL0000000017231251|BR-SCGRB01F1I01-SCGPAFIST-28&SCGPA-I01-SP001-144F1I01-SCGPAFIST-28|CFOA-SM-AS-80G-144|144|Dutos|12.970000000|DGO1_BR-SCGRB01|EQP0000000016692831|I01-SCGRBFIST-28|EQP0000000010262461|3
SC|GAROPABA|SCGRB_G1I01|DGO1_BR-SCGRB01|Primario|LOC0000000016551789|SCGRB_G1I01|EQP0000000016692831|DGO1_BR-SCGRB01|EQP0000000008500961|I01-SCGRBFOSC-06|2|CBL0000000010263525|SCGPA-I01-SP001-077F1I01-SCGPAFOSC-23|CFOA-SM-AS-80G-144|144|Autossustentável;Dutos|187.900000000|I01-SCGRBFIST-28|EQP0000000010262461|I01-SCGRBFOSC-23|EQP0000000008497533|3
SC|GAROPABA|SCGRB_G1I01|DGO1_BR-SCGRB01|Primario|LOC0000000016551789|SCGRB_G1I01|EQP0000000016692831|DGO1_BR-SCGRB01|EQP0000000008500961|I01-SCGRBFOSC-06|3|CBL0000000010318012|SCGPA-I01-SP001-028F1I01-SCGPAFOSC-08|CFOA-SM-AS-80G-72|72|Autossustentável|263.040000000|I01-SCGRBFOSC-23|EQP0000000008497533|I01-SCGRBFOSC-08|EQP0000000008353608|3
SC|GAROPABA|SCGRB_G1I01|DGO1_BR-SCGRB01|Primario|LOC0000000016551789|SCGRB_G1I01|EQP0000000016692831|DGO1_BR-SCGRB01|EQP0000000008500961|I01-SCGRBFOSC-06|4|CBL0000000010318302|SCGPA-I01-SP001-025F1I01-SCGPAFOSC-07|CFOA-SM-AS-80G-72|72|Autossustentável|517.030000000|I01-SCGRBFOSC-08|EQP0000000008353608|I01-SCGRBFOSC-07|EQP0000000008755351|3
SC|GAROPABA|SCGRB_G1I01|DGO1_BR-SCGRB01|Primario|LOC0000000016551789|SCGRB_G1I01|EQP0000000016692831|DGO1_BR-SCGRB01|EQP0000000008500961|I01-SCGRBFOSC-06|5|CBL0000000010320797|SCGPA-I01-SP001-019F1I01-SCGPAFOSC-06|CFOA-SM-AS-80G-36|36|Autossustentável|1724.370000000|I01-SCGRBFOSC-07|EQP0000000008755351|I01-SCGRBFOSC-06|EQP0000000008500961|3
SC|GAROPABA|SCGRB_G1I01|DGO1_BR-SCGRB01|Primario|LOC0000000016551789|SCGRB_G1I01|EQP0000000016692831|DGO1_BR-SCGRB01|EQP0000000008513319|I01-SCGRBFOSC-22|1|CBL0000000017231251|BR-SCGRB01F1I01-SCGPAFIST-28&SCGPA-I01-SP001-144F1I01-SCGPAFIST-28|CFOA-SM-AS-80G-144|144|Dutos|12.970000000|DGO1_BR-SCGRB01|EQP0000000016692831|I01-SCGRBFIST-28|EQP0000000010262461|4
SC|GAROPABA|SCGRB_G1I01|DGO1_BR-SCGRB01|Primario|LOC0000000016551789|SCGRB_G1I01|EQP0000000016692831|DGO1_BR-SCGRB01|EQP0000000008513319|I01-SCGRBFOSC-22|2|CBL0000000010263525|SCGPA-I01-SP001-077F1I01-SCGPAFOSC-23|CFOA-SM-AS-80G-144|144|Autossustentável;Dutos|187.900000000|I01-SCGRBFIST-28|EQP0000000010262461|I01-SCGRBFOSC-23|EQP0000000008497533|4
SC|GAROPABA|SCGRB_G1I01|DGO1_BR-SCGRB01|Primario|LOC0000000016551789|SCGRB_G1I01|EQP0000000016692831|DGO1_BR-SCGRB01|EQP0000000008513319|I01-SCGRBFOSC-22|3|CBL0000000010264024|SCGPA-I01-SP057-073F1I01-SCGPAFOSC-22|CFOA-SM-AS-80G-36|36|Autossustentável|911.980000000|I01-SCGRBFOSC-23|EQP0000000008497533|I01-SCGRBFOSC-22|EQP0000000008513319|4
SC|GAROPABA|SCGRB_G1I01|DGO1_BR-SCGRB01|Primario|LOC0000000016551789|SCGRB_G1I01|EQP0000000016692831|DGO1_BR-SCGRB01|EQP0000000008598039|I01-SCGRBFOSC-03|1|CBL0000000017231251|BR-SCGRB01F1I01-SCGPAFIST-28&SCGPA-I01-SP001-144F1I01-SCGPAFIST-28|CFOA-SM-AS-80G-144|144|Dutos|12.970000000|DGO1_BR-SCGRB01|EQP0000000016692831|I01-SCGRBFIST-28|EQP0000000010262461|2
SC|GAROPABA|SCGRB_G1I01|DGO1_BR-SCGRB01|Primario|LOC0000000016551789|SCGRB_G1I01|EQP0000000016692831|DGO1_BR-SCGRB01|EQP0000000008598039|I01-SCGRBFOSC-03|2|CBL0000000010263525|SCGPA-I01-SP001-077F1I01-SCGPAFOSC-23|CFOA-SM-AS-80G-144|144|Autossustentável;Dutos|187.900000000|I01-SCGRBFIST-28|EQP0000000010262461|I01-SCGRBFOSC-23|EQP0000000008497533|2
SC|GAROPABA|SCGRB_G1I01|DGO1_BR-SCGRB01|Primario|LOC0000000016551789|SCGRB_G1I01|EQP0000000016692831|DGO1_BR-SCGRB01|EQP0000000008598039|I01-SCGRBFOSC-03|3|CBL0000000010318012|SCGPA-I01-SP001-028F1I01-SCGPAFOSC-08|CFOA-SM-AS-80G-72|72|Autossustentável|263.040000000|I01-SCGRBFOSC-23|EQP0000000008497533|I01-SCGRBFOSC-08|EQP0000000008353608|2
SC|GAROPABA|SCGRB_G1I01|DGO1_BR-SCGRB01|Primario|LOC0000000016551789|SCGRB_G1I01|EQP0000000016692831|DGO1_BR-SCGRB01|EQP0000000008598039|I01-SCGRBFOSC-03|4|CBL0000000010318302|SCGPA-I01-SP001-025F1I01-SCGPAFOSC-07|CFOA-SM-AS-80G-72|72|Autossustentável|517.030000000|I01-SCGRBFOSC-08|EQP0000000008353608|I01-SCGRBFOSC-07|EQP0000000008755351|2
SC|GAROPABA|SCGRB_G1I01|DGO1_BR-SCGRB01|Primario|LOC0000000016551789|SCGRB_G1I01|EQP0000000016692831|DGO1_BR-SCGRB01|EQP0000000008598039|I01-SCGRBFOSC-03|5|CBL0000000010320797|SCGPA-I01-SP001-019F1I01-SCGPAFOSC-06|CFOA-SM-AS-80G-36|36|Autossustentável|1724.370000000|I01-SCGRBFOSC-07|EQP0000000008755351|I01-SCGRBFOSC-06|EQP0000000008500961|2
SC|GAROPABA|SCGRB_G1I01|DGO1_BR-SCGRB01|Primario|LOC0000000016551789|SCGRB_G1I01|EQP0000000016692831|DGO1_BR-SCGRB01|EQP0000000008598039|I01-SCGRBFOSC-03|6|CBL0000000010320919|SCGPA-I01-SP001-016F1I01-SCGPAFOSC-05|CFOA-SM-AS-80G-36|36|Autossustentável|555.970000000|I01-SCGRBFOSC-06|EQP0000000008500961|I01-SCGRBFOSC-05|EQP0000000008350662|2
SC|GAROPABA|SCGRB_G1I01|DGO1_BR-SCGRB01|Primario|LOC0000000016551789|SCGRB_G1I01|EQP0000000016692831|DGO1_BR-SCGRB01|EQP0000000008598039|I01-SCGRBFOSC-03|7|CBL0000000010321360|SCGPA-I01-SP001-011F1I01-SCGPAFOSC-04|CFOA-SM-AS-80G-36|36|Autossustentável|903.750000000|I01-SCGRBFOSC-05|EQP0000000008350662|I01-SCGRBFOSC-04|EQP0000000008495423|2
SC|GAROPABA|SCGRB_G1I01|DGO1_BR-SCGRB01|Primario|LOC0000000016551789|SCGRB_G1I01|EQP0000000016692831|DGO1_BR-SCGRB01|EQP0000000008598039|I01-SCGRBFOSC-03|8|CBL0000000010321492|SCGPA-I01-SP007-008F1I01-SCGPAFOSC-03|CFOA-SM-ASU-80-S-R-A-12F|12|Autossustentável|810.010000000|I01-SCGRBFOSC-04|EQP0000000008495423|I01-SCGRBFOSC-03|EQP0000000008598039|2
SC|GAROPABA|SCGRB_G1I01|DGO1_BR-SCGRB01|Primario|LOC0000000016551789|SCGRB_G1I01|EQP0000000016692831|DGO1_BR-SCGRB01|EQP0000000008661053|I01-SCGRBFOSC-19|1|CBL0000000017231251|BR-SCGRB01F1I01-SCGPAFIST-28&SCGPA-I01-SP001-144F1I01-SCGPAFIST-28|CFOA-SM-AS-80G-144|144|Dutos|12.970000000|DGO1_BR-SCGRB01|EQP0000000016692831|I01-SCGRBFIST-28|EQP0000000010262461|3
SC|GAROPABA|SCGRB_G1I01|DGO1_BR-SCGRB01|Primario|LOC0000000016551789|SCGRB_G1I01|EQP0000000016692831|DGO1_BR-SCGRB01|EQP0000000008661053|I01-SCGRBFOSC-19|2|CBL0000000010263525|SCGPA-I01-SP001-077F1I01-SCGPAFOSC-23|CFOA-SM-AS-80G-144|144|Autossustentável;Dutos|187.900000000|I01-SCGRBFIST-28|EQP0000000010262461|I01-SCGRBFOSC-23|EQP0000000008497533|3
SC|GAROPABA|SCGRB_G1I01|DGO1_BR-SCGRB01|Primario|LOC0000000016551789|SCGRB_G1I01|EQP0000000016692831|DGO1_BR-SCGRB01|EQP0000000008661053|I01-SCGRBFOSC-19|3|CBL0000000010264024|SCGPA-I01-SP057-073F1I01-SCGPAFOSC-22|CFOA-SM-AS-80G-36|36|Autossustentável|911.980000000|I01-SCGRBFOSC-23|EQP0000000008497533|I01-SCGRBFOSC-22|EQP0000000008513319|3
SC|GAROPABA|SCGRB_G1I01|DGO1_BR-SCGRB01|Primario|LOC0000000016551789|SCGRB_G1I01|EQP0000000016692831|DGO1_BR-SCGRB01|EQP0000000008661053|I01-SCGRBFOSC-19|4|CBL0000000010264233|SCGPA-I01-SP057-069F1I01-SCGPAFOSC-21|CFOA-SM-AS-80G-36|36|Autossustentável|454.590000000|I01-SCGRBFOSC-22|EQP0000000008513319|I01-SCGRBFOSC-21|EQP0000000008355198|3
SC|GAROPABA|SCGRB_G1I01|DGO1_BR-SCGRB01|Primario|LOC0000000016551789|SCGRB_G1I01|EQP0000000016692831|DGO1_BR-SCGRB01|EQP0000000008661053|I01-SCGRBFOSC-19|5|CBL0000000010264544|SCGPA-I01-SP057-066F1I01-SCGPAFOSC-20|CFOA-SM-AS-80G-36|36|Autossustentável|294.780000000|I01-SCGRBFOSC-21|EQP0000000008355198|I01-SCGRBFOSC-20|EQP0000000008803441|3
SC|GAROPABA|SCGRB_G1I01|DGO1_BR-SCGRB01|Primario|LOC0000000016551789|SCGRB_G1I01|EQP0000000016692831|DGO1_BR-SCGRB01|EQP0000000008661053|I01-SCGRBFOSC-19|6|CBL0000000010265644|SCGPA-I01-SP057-061F1I01-SCGPAFOSC-19|CFOA-SM-ASU-80-S-R-A-12F|12|Autossustentável|670.410000000|I01-SCGRBFOSC-20|EQP0000000008803441|I01-SCGRBFOSC-19|EQP0000000008661053|3
SC|GAROPABA|SCGRB_G1I01|DGO1_BR-SCGRB01|Primario|LOC0000000016551789|SCGRB_G1I01|EQP0000000016692831|DGO1_BR-SCGRB01|EQP0000000008755351|I01-SCGRBFOSC-07|1|CBL0000000017231251|BR-SCGRB01F1I01-SCGPAFIST-28&SCGPA-I01-SP001-144F1I01-SCGPAFIST-28|CFOA-SM-AS-80G-144|144|Dutos|12.970000000|DGO1_BR-SCGRB01|EQP0000000016692831|I01-SCGRBFIST-28|EQP0000000010262461|6
SC|GAROPABA|SCGRB_G1I01|DGO1_BR-SCGRB01|Primario|LOC0000000016551789|SCGRB_G1I01|EQP0000000016692831|DGO1_BR-SCGRB01|EQP0000000008755351|I01-SCGRBFOSC-07|2|CBL0000000010263525|SCGPA-I01-SP001-077F1I01-SCGPAFOSC-23|CFOA-SM-AS-80G-144|144|Autossustentável;Dutos|187.900000000|I01-SCGRBFIST-28|EQP0000000010262461|I01-SCGRBFOSC-23|EQP0000000008497533|6
SC|GAROPABA|SCGRB_G1I01|DGO1_BR-SCGRB01|Primario|LOC0000000016551789|SCGRB_G1I01|EQP0000000016692831|DGO1_BR-SCGRB01|EQP0000000008755351|I01-SCGRBFOSC-07|3|CBL0000000010318012|SCGPA-I01-SP001-028F1I01-SCGPAFOSC-08|CFOA-SM-AS-80G-72|72|Autossustentável|263.040000000|I01-SCGRBFOSC-23|EQP0000000008497533|I01-SCGRBFOSC-08|EQP0000000008353608|6
SC|GAROPABA|SCGRB_G1I01|DGO1_BR-SCGRB01|Primario|LOC0000000016551789|SCGRB_G1I01|EQP0000000016692831|DGO1_BR-SCGRB01|EQP0000000008755351|I01-SCGRBFOSC-07|4|CBL0000000010318302|SCGPA-I01-SP001-025F1I01-SCGPAFOSC-07|CFOA-SM-AS-80G-72|72|Autossustentável|517.030000000|I01-SCGRBFOSC-08|EQP0000000008353608|I01-SCGRBFOSC-07|EQP0000000008755351|6
SC|GAROPABA|SCGRB_G1I01|DGO1_BR-SCGRB01|Primario|LOC0000000016551789|SCGRB_G1I01|EQP0000000016692831|DGO1_BR-SCGRB01|EQP0000000008803441|I01-SCGRBFOSC-20|1|CBL0000000017231251|BR-SCGRB01F1I01-SCGPAFIST-28&SCGPA-I01-SP001-144F1I01-SCGPAFIST-28|CFOA-SM-AS-80G-144|144|Dutos|12.970000000|DGO1_BR-SCGRB01|EQP0000000016692831|I01-SCGRBFIST-28|EQP0000000010262461|3
SC|GAROPABA|SCGRB_G1I01|DGO1_BR-SCGRB01|Primario|LOC0000000016551789|SCGRB_G1I01|EQP0000000016692831|DGO1_BR-SCGRB01|EQP0000000008803441|I01-SCGRBFOSC-20|2|CBL0000000010263525|SCGPA-I01-SP001-077F1I01-SCGPAFOSC-23|CFOA-SM-AS-80G-144|144|Autossustentável;Dutos|187.900000000|I01-SCGRBFIST-28|EQP0000000010262461|I01-SCGRBFOSC-23|EQP0000000008497533|3
SC|GAROPABA|SCGRB_G1I01|DGO1_BR-SCGRB01|Primario|LOC0000000016551789|SCGRB_G1I01|EQP0000000016692831|DGO1_BR-SCGRB01|EQP0000000008803441|I01-SCGRBFOSC-20|3|CBL0000000010264024|SCGPA-I01-SP057-073F1I01-SCGPAFOSC-22|CFOA-SM-AS-80G-36|36|Autossustentável|911.980000000|I01-SCGRBFOSC-23|EQP0000000008497533|I01-SCGRBFOSC-22|EQP0000000008513319|3
SC|GAROPABA|SCGRB_G1I01|DGO1_BR-SCGRB01|Primario|LOC0000000016551789|SCGRB_G1I01|EQP0000000016692831|DGO1_BR-SCGRB01|EQP0000000008803441|I01-SCGRBFOSC-20|4|CBL0000000010264233|SCGPA-I01-SP057-069F1I01-SCGPAFOSC-21|CFOA-SM-AS-80G-36|36|Autossustentável|454.590000000|I01-SCGRBFOSC-22|EQP0000000008513319|I01-SCGRBFOSC-21|EQP0000000008355198|3
SC|GAROPABA|SCGRB_G1I01|DGO1_BR-SCGRB01|Primario|LOC0000000016551789|SCGRB_G1I01|EQP0000000016692831|DGO1_BR-SCGRB01|EQP0000000008803441|I01-SCGRBFOSC-20|5|CBL0000000010264544|SCGPA-I01-SP057-066F1I01-SCGPAFOSC-20|CFOA-SM-AS-80G-36|36|Autossustentável|294.780000000|I01-SCGRBFOSC-21|EQP0000000008355198|I01-SCGRBFOSC-20|EQP0000000008803441|3
SC|GAROPABA|SCGRB_G1I01|DGO1_BR-SCGRB01|Primario|LOC0000000016551789|SCGRB_G1I01|EQP0000000016692831|DGO1_BR-SCGRB01|EQP0000000010292774|I01-SCGRBFOSC-11|1|CBL0000000017231251|BR-SCGRB01F1I01-SCGPAFIST-28&SCGPA-I01-SP001-144F1I01-SCGPAFIST-28|CFOA-SM-AS-80G-144|144|Dutos|12.970000000|DGO1_BR-SCGRB01|EQP0000000016692831|I01-SCGRBFIST-28|EQP0000000010262461|3
SC|GAROPABA|SCGRB_G1I01|DGO1_BR-SCGRB01|Primario|LOC0000000016551789|SCGRB_G1I01|EQP0000000016692831|DGO1_BR-SCGRB01|EQP0000000010292774|I01-SCGRBFOSC-11|2|CBL0000000010263525|SCGPA-I01-SP001-077F1I01-SCGPAFOSC-23|CFOA-SM-AS-80G-144|144|Autossustentável;Dutos|187.900000000|I01-SCGRBFIST-28|EQP0000000010262461|I01-SCGRBFOSC-23|EQP0000000008497533|3
SC|GAROPABA|SCGRB_G1I01|DGO1_BR-SCGRB01|Primario|LOC0000000016551789|SCGRB_G1I01|EQP0000000016692831|DGO1_BR-SCGRB01|EQP0000000010292774|I01-SCGRBFOSC-11|3|CBL0000000010289855|SCGPA-I01-SP029-044F1I01-SCGPAFOSC-13|CFOA-SM-AS-80G-36|36|Autossustentável|382.700000000|I01-SCGRBFOSC-23|EQP0000000008497533|I01-SCGRBFOSC-13|EQP0000000008439394|3
SC|GAROPABA|SCGRB_G1I01|DGO1_BR-SCGRB01|Primario|LOC0000000016551789|SCGRB_G1I01|EQP0000000016692831|DGO1_BR-SCGRB01|EQP0000000010292774|I01-SCGRBFOSC-11|4|CBL0000000010290865|SCGPA-I01-SP036-042F1I01-SCGPAFOSC-12|CFOA-SM-ASU-80-S-R-A-12F|12|Autossustentável|754.140000000|I01-SCGRBFOSC-13|EQP0000000008439394|I01-SCGRBFOSC-12|EQP0000000008220784|3
SC|GAROPABA|SCGRB_G1I01|DGO1_BR-SCGRB01|Primario|LOC0000000016551789|SCGRB_G1I01|EQP0000000016692831|DGO1_BR-SCGRB01|EQP0000000010292774|I01-SCGRBFOSC-11|5|CBL0000000010292967|SCGPA-I01-SP026-038F1I01-SCGPAFOSC-11|CFOA-SM-ASU-80-S-R-A-12F|12|Autossustentável|655.470000000|I01-SCGRBFOSC-12|EQP0000000008220784|I01-SCGRBFOSC-11|EQP0000000010292774|3
SC|GAROPABA|SCGRB_G1I01|DGO1_BR-SCGRB01|Primario|LOC0000000016551789|SCGRB_G1I01|EQP0000000016692831|DGO1_BR-SCGRB01|EQP0000000010296529|I01-SCGRBFOSC-10|1|CBL0000000017231251|BR-SCGRB01F1I01-SCGPAFIST-28&SCGPA-I01-SP001-144F1I01-SCGPAFIST-28|CFOA-SM-AS-80G-144|144|Dutos|12.970000000|DGO1_BR-SCGRB01|EQP0000000016692831|I01-SCGRBFIST-28|EQP0000000010262461|2
SC|GAROPABA|SCGRB_G1I01|DGO1_BR-SCGRB01|Primario|LOC0000000016551789|SCGRB_G1I01|EQP0000000016692831|DGO1_BR-SCGRB01|EQP0000000010296529|I01-SCGRBFOSC-10|2|CBL0000000010263525|SCGPA-I01-SP001-077F1I01-SCGPAFOSC-23|CFOA-SM-AS-80G-144|144|Autossustentável;Dutos|187.900000000|I01-SCGRBFIST-28|EQP0000000010262461|I01-SCGRBFOSC-23|EQP0000000008497533|2
SC|GAROPABA|SCGRB_G1I01|DGO1_BR-SCGRB01|Primario|LOC0000000016551789|SCGRB_G1I01|EQP0000000016692831|DGO1_BR-SCGRB01|EQP0000000010296529|I01-SCGRBFOSC-10|3|CBL0000000010289855|SCGPA-I01-SP029-044F1I01-SCGPAFOSC-13|CFOA-SM-AS-80G-36|36|Autossustentável|382.700000000|I01-SCGRBFOSC-23|EQP0000000008497533|I01-SCGRBFOSC-13|EQP0000000008439394|2
SC|GAROPABA|SCGRB_G1I01|DGO1_BR-SCGRB01|Primario|LOC0000000016551789|SCGRB_G1I01|EQP0000000016692831|DGO1_BR-SCGRB01|EQP0000000010296529|I01-SCGRBFOSC-10|4|CBL0000000010300106|SCGPA-I01-SP029-035F1I01-SCGPAFOSC-10|CFOA-SM-ASU-80-S-R-A-12F|12|Autossustentável|558.810000000|I01-SCGRBFOSC-13|EQP0000000008439394|I01-SCGRBFOSC-10|EQP0000000010296529|2
